estacion,usuarios_diarios,promedio_tiempos_espera
Calle 26,6789,23
Calle 146,3548,17
Calle 76,5070,11
Calle 72,6272,10
Pepe Sierra,749,21
Calle 85,4260,31
Calle 45,7708,3
Profamilia,1198,30
Calle 72,1887,40
Terminal,6449,34
Profamilia,1634,8
Calle 100,2946,19
Marly,3362,24
Pepe Sierra,3346,26
Mazuren,476,14
Calle 187,6425,5
Calle 22,5709,26
Calle 100,3049,32
Calle 100,7371,28
Calle 1,1165,20
Cardio Infantil,7580,7
Calle 22,2795,21
Calle 26,5709,9
Flores,942,33
Calle 187,1298,13
Virrey,3396,36
Calle 63,5735,4
Virrey,7635,23
Calle 57,3737,17
Cardio Infantil,7645,22
Calle 63,6074,22
Virrey,4806,4
Pepe Sierra,4513,18
Virrey,4156,22
Alcala,4638,21
Calle 26,5955,29
Calle 76,4372,26
Pepe Sierra,1713,6
Avenida 39,1866,37
Calle 45,2697,7
Calle 76,6518,39
Héroes,5092,14
Calle 1,6002,4
Calle 26,1657,20
Virrey,6655,11
Flores,3397,6
Avenida 39,6830,5
Profamilia,782,37
Calle 187,3063,16
Calle 19,2195,34
Calle 146,550,4
Calle 19,7160,28
Calle 1,5697,21
Cardio Infantil,853,9
Avenida 39,3623,25
Calle 1,4933,2
Calle 100,7998,8
Toberín,3632,12
Calle 63,4983,14
Calle 146,2611,32
Calle 19,4135,22
Calle 142,5046,12
Calle 187,3348,18
Calle 63,6186,27
Flores,6367,22
Calle 146,2689,21
Calle 26,4935,39
Calle 45,4980,20
Calle 22,2274,16
Cardio Infantil,638,28
Calle 19,6740,15
Calle 146,7949,19
Calle 45,995,21
Calle 106,741,34
Prado Veraniego,1947,8
Calle 76,868,10
Calle 26,1207,14
Avenida 39,270,37
Calle 100,3143,16
Calle 22,7629,37
Héroes,2864,26
Calle 76,556,31
Calle 100,7870,22
Pepe Sierra,1817,28
Calle 100,6271,7
Calle 1,777,33
Calle 26,2726,25
Calle 57,3981,34
Calle 22,1331,35
Calle 76,2850,6
Calle 63,7928,4
Calle 22,2184,14
Calle 146,1567,19
Terminal,1184,8
Calle 26,6427,13
Flores,7323,21
Terminal,1937,9
Virrey,6812,20
Pepe Sierra,1005,10
Calle 72,4010,28
Mazuren,1824,35
Calle 1,5278,14
Calle 142,1198,37
Alcala,909,34
Terminal,7197,34
Terminal,7959,3
Toberín,3705,20
Terminal,3549,28
Calle 187,6817,38
Terminal,4623,36
Flores,7690,34
Toberín,347,2
Calle 19,477,20
Calle 22,4028,28
Alcala,7739,34
Toberín,1170,11
Calle 76,3844,33
Flores,5042,40
Héroes,6564,28
Virrey,4322,37
Marly,3820,35
Flores,7944,23
Calle 72,2249,31
Flores,4284,5
Pepe Sierra,2590,27
Cardio Infantil,3295,20
Mazuren,7817,18
Calle 26,3529,18
Calle 1,4484,7
Pepe Sierra,6030,17
Alcala,559,11
Calle 72,2539,34
Calle 72,6310,30
Héroes,1114,18
Flores,2265,14
Calle 85,6243,13
Calle 22,4176,39
Toberín,6612,2
Calle 106,4086,11
Cardio Infantil,4425,3
Avenida 39,4377,12
Calle 57,4113,31
Calle 142,4538,26
Calle 146,2250,13
Calle 85,1488,17
Marly,582,31
Calle 19,377,28
Toberín,6904,34
Héroes,3113,29
Calle 106,2172,18
Calle 142,6303,27
Flores,5672,23
Marly,4658,38
Calle 76,1324,13
Calle 1,5335,29
Alcala,7049,18
Calle 63,654,3
Héroes,6121,15
Calle 57,2409,22
Cardio Infantil,745,27
Profamilia,5648,14
Pepe Sierra,6397,20
Calle 45,5481,2
Profamilia,5795,30
Calle 142,7985,24
Calle 76,1931,13
Calle 187,6912,18
Marly,5833,36
Avenida 39,7204,3
Calle 187,909,10
Calle 85,2413,36
Pepe Sierra,4321,40
Profamilia,3359,6
Héroes,5119,10
Avenida 39,4192,27
Calle 100,4869,34
Prado Veraniego,6419,38
Marly,7197,22
Calle 19,1329,6
Virrey,2203,7
Calle 63,2242,24
Calle 63,6534,11
Calle 76,4001,37
Calle 45,6750,13
Calle 45,7305,5
Calle 76,7251,4
Calle 106,5260,30
Terminal,7076,26
Avenida 39,7574,22
Calle 22,6866,3
Calle 187,7728,8
Calle 85,6584,14
Toberín,6371,30
Pepe Sierra,4555,28
Calle 146,1913,28
Calle 26,4232,18
Héroes,7484,37
Terminal,4092,16
Calle 106,1789,27
Calle 100,7880,32
Pepe Sierra,954,12
Calle 142,3228,40
Alcala,3456,37
Calle 19,850,28
Flores,1580,13
Calle 22,1407,15
Profamilia,6690,14
Calle 19,2480,3
Prado Veraniego,7798,5
Marly,2588,25
Mazuren,6617,17
Pepe Sierra,6681,27
Calle 72,6971,6
Marly,5190,20
Calle 22,2927,3
Flores,1249,7
Calle 1,6004,22
Calle 187,1823,9
Calle 100,2854,36
Calle 106,644,14
Calle 76,3183,17
Virrey,7357,14
Calle 19,394,20
Calle 57,3246,15
Mazuren,1234,11
Avenida 39,5120,3
Calle 19,6035,38
Flores,1551,22
Mazuren,354,26
Calle 26,7024,28
Calle 100,2900,39
Calle 100,7498,35
Calle 19,5250,26
Flores,7272,30
Profamilia,4985,26
Calle 19,3529,33
Calle 106,2683,21
Calle 72,7056,10
Toberín,5449,27
Héroes,5614,10
Calle 26,2674,6
Mazuren,6977,21
Calle 187,6663,19
Calle 63,3903,10
Marly,5187,14
Toberín,588,40
Flores,3460,33
Toberín,6629,29
Toberín,250,12
Flores,5222,23
Calle 22,7621,24
Calle 1,5338,22
Prado Veraniego,6767,18
Calle 100,5468,12
Calle 26,4484,16
Calle 142,5447,22
Toberín,3744,19
Prado Veraniego,6467,3
Calle 19,1526,2
Calle 45,2736,19
Calle 1,875,22
Calle 187,5965,3
Calle 22,3409,6
Prado Veraniego,3562,12
Terminal,7879,14
Calle 146,819,13
Avenida 39,2474,33
Calle 100,4242,20
Calle 142,7416,34
Calle 63,6541,10
Mazuren,4335,2
Flores,5449,7
Calle 22,7524,9
Flores,3933,12
Toberín,3234,35
Prado Veraniego,7948,39
Calle 85,6035,40
Calle 26,4296,23
Calle 146,1770,23
Cardio Infantil,3601,19
Calle 57,6378,40
Calle 63,6304,35
Marly,6727,2
Virrey,7709,19
Marly,4256,25
Terminal,5811,13
Cardio Infantil,5069,39
Calle 76,4968,24
Terminal,2617,5
Calle 100,4839,20
Profamilia,7911,11
Calle 76,1779,7
Calle 45,3836,38
Pepe Sierra,6591,33
Cardio Infantil,3248,33
Calle 85,7378,28
Calle 146,5154,11
Calle 187,7345,34
Alcala,3932,8
Pepe Sierra,7529,38
Toberín,7047,31
Calle 26,7994,17
Calle 106,5222,6
Calle 146,1290,25
Mazuren,5263,29
Héroes,1661,32
Calle 76,6313,36
Prado Veraniego,2070,36
Calle 187,2437,25
Calle 106,5850,10
Avenida 39,6738,31
Toberín,2838,38
Calle 187,3231,23
Avenida 39,7559,4
Calle 106,957,38
Calle 76,4289,35
Calle 106,4697,2
Virrey,5403,36
Profamilia,2565,17
Cardio Infantil,6417,3
Alcala,2060,39
Calle 45,3280,24
Cardio Infantil,2551,25
Calle 146,704,33
Calle 187,4110,23
Mazuren,4554,32
Calle 106,5733,4
Calle 187,4994,26
Virrey,606,20
Avenida 39,3128,18
Virrey,7025,5
Calle 72,4986,6
Calle 100,2615,27
Calle 100,7612,28
Calle 76,2079,21
Virrey,3401,34
Mazuren,1144,19
Prado Veraniego,1236,25
Marly,5188,4
Alcala,1785,31
Calle 187,2082,7
Calle 106,438,2
Prado Veraniego,3854,23
Calle 100,985,16
Cardio Infantil,6855,12
Cardio Infantil,6818,21
Cardio Infantil,7629,6
Profamilia,292,37
Alcala,4610,8
Cardio Infantil,7243,26
Cardio Infantil,7694,14
Profamilia,1637,20
Calle 76,5106,13
Calle 72,4633,39
Flores,6493,10
Cardio Infantil,2173,24
Calle 63,7213,9
Calle 26,690,27
Mazuren,5124,20
Terminal,3722,6
Pepe Sierra,7012,28
Calle 187,2999,7
Mazuren,2514,39
Virrey,5803,39
Virrey,4094,38
Toberín,4419,25
Héroes,3532,14
Calle 26,6509,19
Calle 100,2051,39
Calle 100,1866,30
Flores,6443,21
Héroes,1040,40
Calle 1,6500,16
Calle 85,1540,27
Terminal,2049,20
Calle 26,4256,7
Flores,7631,19
Calle 85,1502,29
Prado Veraniego,4084,19
Calle 146,6319,40
Calle 76,2189,34
Marly,4260,16
Calle 45,7066,20
Calle 63,4937,9
Terminal,4149,28
Flores,2549,39
Calle 76,2346,3
Prado Veraniego,558,23
Calle 19,1720,34
Calle 63,1778,23
Terminal,5095,12
Calle 76,4554,20
Cardio Infantil,7902,9
Calle 26,7783,39
Pepe Sierra,6101,31
Calle 57,3262,17
Calle 106,2318,28
Terminal,604,39
Calle 146,652,36
Calle 106,3152,4
Cardio Infantil,3825,8
Calle 187,3073,29
Calle 106,7507,34
Pepe Sierra,655,30
Flores,2250,40
Calle 1,5539,16
Calle 26,6123,16
Calle 100,3642,21
Prado Veraniego,5922,30
Calle 187,1891,32
Pepe Sierra,2734,11
Mazuren,4431,26
Calle 63,6463,16
Terminal,4977,15
Prado Veraniego,4141,30
Calle 63,4247,9
Calle 19,5093,31
Calle 57,2514,3
Avenida 39,2675,34
Calle 146,1525,12
Calle 1,2077,20
Cardio Infantil,2948,24
Toberín,1763,6
Calle 45,2097,20
Pepe Sierra,6183,33
Calle 1,6079,34
Pepe Sierra,7128,34
Pepe Sierra,7187,23
Calle 19,6422,28
Calle 19,4744,15
Calle 22,5853,16
Toberín,4544,9
Cardio Infantil,527,3
Pepe Sierra,6234,23
Pepe Sierra,7827,39
Calle 57,1221,4
Calle 146,7486,30
Calle 142,6840,13
Calle 1,3760,28
Calle 1,3534,34
Héroes,294,12
Calle 100,6081,37
Profamilia,6938,15
Calle 22,2144,30
Prado Veraniego,3109,29
Virrey,3449,8
Avenida 39,6285,27
Alcala,4172,38
Mazuren,4158,26
Calle 100,5510,31
Toberín,7624,15
Calle 106,573,34
Avenida 39,4223,21
Héroes,7367,29
Calle 22,1714,18
Calle 19,7137,19
Mazuren,2060,7
Calle 57,3952,32
Avenida 39,4048,5
Calle 85,732,13
Flores,7494,13
Profamilia,7409,19
Toberín,5834,4
Cardio Infantil,4130,4
Calle 1,1974,3
Calle 63,440,9
Terminal,4493,20
Calle 106,5918,35
Alcala,2113,30
Calle 26,1646,30
Marly,3477,4
Calle 19,5665,22
Calle 22,7936,34
Avenida 39,3528,6
Mazuren,4399,33
Calle 187,1251,33
Pepe Sierra,5412,14
Calle 106,1602,16
Calle 85,7533,35
Calle 1,2548,2
Calle 22,7984,11
Prado Veraniego,2728,22
Calle 1,7563,2
Virrey,505,34
Calle 187,2806,39
Cardio Infantil,1447,15
Virrey,4725,2
Calle 26,6871,5
Pepe Sierra,4425,11
Mazuren,389,36
Héroes,3753,24
Calle 142,4696,21
Calle 146,6095,28
Calle 26,4254,27
Pepe Sierra,597,38
Calle 106,6161,13
Calle 146,4324,6
Terminal,5346,27
Calle 146,6849,3
Calle 57,7576,5
Calle 57,3171,22
Alcala,3073,20
Pepe Sierra,1344,31
Pepe Sierra,5928,11
Calle 72,1475,32
Calle 85,2775,5
Calle 19,3670,21
Calle 45,1685,13
Calle 22,2201,24
Toberín,3754,20
Marly,7837,6
Calle 45,330,15
Alcala,7543,10
Virrey,3804,5
Calle 76,2929,21
Calle 1,5806,13
Calle 1,3933,24
Toberín,6653,37
Héroes,5949,20
Avenida 39,3081,17
Calle 106,987,6
Calle 72,1053,22
Calle 45,3826,29
Cardio Infantil,3426,22
Marly,7754,39
Calle 1,3341,22
Calle 19,7234,39
Terminal,6478,3
Calle 72,2678,37
Avenida 39,4082,17
Terminal,5968,39
Calle 106,3803,21
Marly,6263,18
Flores,5478,34
Calle 63,5654,4
Calle 45,5163,24
Héroes,1746,15
Virrey,5719,13
Calle 76,6936,2
Marly,7162,11
Profamilia,7647,15
Terminal,1213,30
Calle 100,2069,5
Terminal,4056,23
Calle 45,4532,26
Calle 63,3382,32
Pepe Sierra,1210,25
Prado Veraniego,4613,40
Calle 146,6788,29
Calle 100,2643,30
Avenida 39,2423,11
Calle 19,5543,24
Cardio Infantil,6461,22
Calle 19,7008,11
Calle 76,2198,27
Calle 19,5618,27
Calle 106,712,19
Calle 72,713,32
Héroes,673,37
Marly,4160,37
Avenida 39,3210,39
Flores,5274,17
Toberín,3971,32
Calle 72,3051,39
Avenida 39,3967,34
Calle 146,4909,5
Calle 85,956,37
Calle 100,5702,32
Prado Veraniego,2945,3
Calle 45,3287,35
Héroes,1148,31
Calle 45,3680,25
Calle 63,4690,7
Calle 106,7995,6
Calle 1,7917,12
Calle 72,3804,19
Calle 146,1041,12
Héroes,920,17
Calle 45,3198,23
Mazuren,5843,4
Cardio Infantil,4537,38
Calle 63,4841,28
Terminal,7321,29
Avenida 39,1999,32
Calle 57,2843,25
Calle 19,4581,18
Calle 142,6516,39
Calle 63,7099,4
Mazuren,5026,9
Mazuren,6744,21
Pepe Sierra,1607,14
Mazuren,1401,32
Calle 187,1916,10
Marly,2135,17
Toberín,3361,5
Avenida 39,1785,28
Calle 106,6842,29
Flores,1176,29
Prado Veraniego,7238,2
Calle 45,1538,35
Calle 146,1481,39
Pepe Sierra,5052,25
Prado Veraniego,6583,37
Calle 26,1583,21
Calle 76,7976,38
Terminal,688,9
Calle 19,6562,2
Calle 1,4819,36
Calle 1,6935,35
Calle 63,3162,11
Calle 85,5691,10
Héroes,2558,6
Calle 57,5593,34
Terminal,1385,36
Calle 187,1276,14
Calle 1,1741,17
Prado Veraniego,3336,32
Marly,4589,19
Calle 85,7494,33
Toberín,1024,9
Cardio Infantil,1903,15
Calle 85,6852,3
Pepe Sierra,299,32
Calle 187,7715,15
Calle 57,2482,4
Calle 100,3999,16
Calle 45,6213,40
Calle 57,5247,25
Toberín,6829,34
Calle 76,3231,23
Calle 146,2607,32
Calle 76,2761,33
Marly,4209,4
Calle 187,7962,23
Marly,7707,9
Calle 22,2685,25
Pepe Sierra,4696,26
Calle 26,6354,36
Calle 1,4254,10
Calle 106,3525,7
Toberín,5056,5
Marly,2973,26
Calle 1,3143,9
Prado Veraniego,5646,3
Toberín,6541,14
Toberín,3155,3
Calle 63,4913,40
Flores,4958,16
Calle 146,5368,13
Calle 19,2307,11
Calle 142,6427,7
Calle 106,1946,13
Calle 106,2667,34
Virrey,3698,12
Calle 57,2345,24
Calle 142,5418,13
Calle 72,2987,40
Calle 106,6202,31
Flores,601,31
Calle 85,1181,13
Pepe Sierra,1775,13
Terminal,4160,26
Calle 72,523,27
Calle 187,6055,9
Terminal,4528,32
Calle 63,3939,6
Marly,6684,11
Avenida 39,4279,26
Calle 63,3017,31
Virrey,3413,18
Prado Veraniego,6378,27
Calle 100,3451,18
Calle 100,2864,22
Calle 85,5893,4
Terminal,2018,18
Avenida 39,2993,22
Calle 146,1561,38
Calle 26,6120,30
Héroes,597,15
Cardio Infantil,2125,22
Marly,4143,26
Terminal,6589,25
Toberín,1834,15
Calle 106,1341,25
Mazuren,3257,36
Calle 57,7129,6
Toberín,780,32
Calle 85,4886,17
Calle 146,5882,6
Calle 1,6864,8
Calle 142,855,30
Pepe Sierra,2560,9
Calle 72,5845,8
Mazuren,7419,36
Calle 57,1562,24
Flores,414,34
Marly,3299,32
Calle 187,3800,18
Prado Veraniego,5220,32
Cardio Infantil,601,5
Toberín,6064,5
Calle 72,7838,22
Calle 19,1065,29
Calle 45,2108,18
Alcala,7756,30
Virrey,706,39
Virrey,4822,13
Calle 85,2607,22
Calle 19,4937,36
Calle 57,4025,28
Calle 57,5542,35
Mazuren,478,8
Calle 142,6966,20
Calle 100,4403,35
Calle 100,7964,21
Alcala,5508,17
Calle 19,1300,14
Alcala,966,5
Calle 72,1352,21
Calle 72,6017,21
Calle 72,6581,19
Héroes,304,12
Calle 187,3442,9
Flores,953,24
Calle 63,2523,35
Prado Veraniego,4482,23
Pepe Sierra,4949,15
Marly,7729,7
Avenida 39,6699,6
Calle 146,5350,16
Prado Veraniego,5733,12
Calle 106,4972,3
Profamilia,3620,16
Mazuren,2474,28
Alcala,3958,12
Prado Veraniego,7856,39
Calle 106,2245,8
Alcala,6908,37
Calle 19,5256,19
Profamilia,3068,36
Flores,4306,35
Profamilia,2423,27
Calle 22,5342,39
Virrey,4107,28
Calle 22,5257,16
Calle 22,6872,17
Calle 19,2254,25
Calle 72,3453,31
Toberín,608,20
Cardio Infantil,3011,14
Mazuren,7215,40
Héroes,4902,7
Héroes,6276,27
Prado Veraniego,2642,15
Calle 100,4840,7
Profamilia,1312,25
Virrey,224,28
Calle 72,1293,31
Flores,7633,37
Calle 72,3650,25
Calle 1,4688,3
Flores,2386,39
Cardio Infantil,3917,37
Calle 1,4782,5
Calle 76,1599,13
Calle 146,1768,12
Calle 26,7927,15
Avenida 39,1900,31
Virrey,6483,37
Calle 187,7159,21
Calle 72,3013,7
Calle 1,5219,22
Toberín,6386,22
Terminal,2870,37
Calle 72,433,24
Calle 19,5650,30
Marly,7314,30
Calle 72,996,4
Toberín,2969,14
Alcala,4023,36
Avenida 39,6103,2
Calle 63,3633,19
Avenida 39,4766,15
Calle 100,7139,34
Marly,6097,26
Héroes,2447,30
Mazuren,5992,38
Calle 187,953,32
Calle 45,2056,25
Calle 1,4959,7
Calle 1,7990,29
Avenida 39,2300,11
Calle 142,7096,22
Toberín,4453,6
Pepe Sierra,5440,10
Calle 57,1038,22
Avenida 39,845,37
Calle 26,5494,7
Calle 85,6873,21
Mazuren,5695,39
Calle 26,4350,37
Calle 26,3999,13
Flores,4543,33
Calle 100,959,32
Calle 76,4623,31
Calle 146,5587,17
Calle 146,6300,27
Virrey,6195,36
Calle 72,6761,15
Calle 22,6141,19
Prado Veraniego,3070,17
Profamilia,6099,29
Calle 22,3260,14
Cardio Infantil,7149,2
Terminal,2309,34
Calle 1,3942,29
Calle 22,3174,33
Héroes,3426,11
Profamilia,3763,6
Calle 1,4521,8
Calle 26,2993,28
Virrey,5929,15
Calle 57,6803,35
Pepe Sierra,5624,26
Calle 26,5933,3
Héroes,6598,40
Alcala,1151,5
Avenida 39,4598,23
Calle 100,6016,3
Calle 142,6110,9
Virrey,6096,17
Terminal,5607,30
Calle 26,5533,30
Flores,6127,23
Prado Veraniego,5466,16
Calle 187,2912,3
Profamilia,5997,25
Calle 106,3524,37
Terminal,4139,39
Prado Veraniego,2982,35
Héroes,3020,28
Calle 57,5620,16
Calle 146,5275,31
Calle 26,3814,34
Mazuren,848,11
Calle 57,7616,34
Calle 22,1940,31
Calle 22,2729,35
Calle 45,5251,21
Calle 100,3390,23
Virrey,4260,11
Calle 19,3789,26
Calle 146,2647,4
Calle 76,6682,32
Toberín,2629,14
Calle 72,6177,21
Prado Veraniego,427,17
Cardio Infantil,704,20
Calle 76,4823,20
Calle 19,2935,39
Calle 72,4700,23
Calle 19,3175,7
Calle 142,6632,7
Calle 63,3810,38
Alcala,6017,28
Cardio Infantil,664,22
Alcala,4993,35
Calle 76,823,40
Pepe Sierra,1496,37
Cardio Infantil,1761,38
Terminal,870,17
Calle 100,5360,37
Flores,5560,28
Héroes,7073,8
Toberín,1126,20
Alcala,2839,20
Marly,6199,23
Calle 72,4256,12
Calle 76,2742,24
Calle 146,7017,17
Marly,4090,31
Calle 63,4144,5
Calle 1,3313,13
Héroes,4791,12
Calle 45,7401,24
Calle 146,1731,5
Calle 19,1106,29
Calle 100,2061,12
Calle 146,1923,11
Profamilia,4098,29
Virrey,1793,8
Calle 85,5356,19
Calle 72,7053,3
Calle 63,6113,12
Calle 19,2299,26
Calle 57,5363,5
Avenida 39,3342,4
Calle 19,6464,21
Calle 63,6779,29
Calle 146,2233,33
Calle 22,7132,36
Calle 57,3925,13
Flores,749,19
Marly,5657,3
Calle 187,6475,23
Flores,1790,35
Pepe Sierra,1172,13
Calle 100,3173,5
Calle 45,6928,9
Toberín,934,14
Calle 1,3575,18
Profamilia,2014,5
Calle 187,3316,4
Avenida 39,1897,4
Calle 1,4399,28
Calle 26,3278,5
Pepe Sierra,2955,20
Cardio Infantil,5168,16
Calle 57,6144,18
Calle 45,2303,30
Héroes,5348,24
Calle 106,7050,36
Marly,7474,14
Profamilia,791,18
Calle 76,3162,36
Cardio Infantil,6377,9
Calle 76,4846,5
Prado Veraniego,1299,13
Calle 106,3814,8
Avenida 39,4325,15
Flores,999,19
Calle 26,5344,27
Flores,7456,39
Calle 57,1898,13
Calle 63,2893,14
Cardio Infantil,6345,31
Calle 146,254,35
Calle 1,1062,34
Cardio Infantil,6730,33
Avenida 39,6157,9
Marly,6830,23
Calle 1,1695,20
Avenida 39,5027,19
Calle 146,4837,24
Terminal,3030,10
Calle 146,2293,23
Marly,4615,32
Pepe Sierra,5232,39
Calle 22,5027,27
Calle 63,230,10
Calle 19,257,24
Profamilia,3166,25
Calle 1,631,2
Calle 57,1392,32
Calle 72,2558,34
Calle 22,7394,5
Alcala,3514,24
Marly,3582,13
Terminal,2216,30
Calle 146,592,25
Calle 142,6527,17
Calle 76,3773,18
Calle 63,549,4
Alcala,2119,19
Héroes,5994,37
Calle 85,5145,24
Toberín,1943,28
Marly,4894,17
Calle 19,1166,31
Calle 187,6642,17
Calle 63,989,34
Alcala,7750,17
Calle 100,5512,7
Virrey,3768,34
Prado Veraniego,2448,30
Calle 106,736,38
Cardio Infantil,1790,22
Héroes,498,38
Mazuren,6756,17
Calle 63,4778,28
Calle 100,6014,13
Calle 19,7228,40
Marly,5267,24
Terminal,5583,19
Calle 1,3632,15
Héroes,5380,9
Calle 1,6438,22
Calle 85,2720,27
Calle 146,3557,6
Calle 45,249,11
Calle 142,3405,12
Calle 26,6812,14
Pepe Sierra,7334,23
Calle 57,4535,23
Mazuren,1006,26
Flores,2024,14
Calle 26,4671,5
Terminal,2811,31
Profamilia,4026,4
Terminal,3027,23
Calle 26,1020,15
Cardio Infantil,1795,34
Prado Veraniego,1910,11
Virrey,2690,5
Calle 146,1197,35
Cardio Infantil,3441,10
Marly,3377,32
Calle 1,2476,18
Toberín,3203,5
Héroes,4904,3
Alcala,3633,36
Calle 76,5492,23
Calle 26,4340,28
Calle 187,7892,29
Calle 72,894,5
Avenida 39,3088,17
Calle 106,2352,38
Alcala,3810,18
Calle 85,1315,40
Cardio Infantil,7480,16
Virrey,422,17
Flores,1378,37
Calle 106,7598,26
Calle 72,908,22
Calle 1,4909,39
Calle 26,5640,32
Alcala,5477,34
Calle 187,4041,15
Marly,1177,20
Pepe Sierra,5011,36
Calle 63,2718,15
Calle 22,5034,17
Héroes,6220,21
Mazuren,484,15
Toberín,7367,21
Profamilia,5149,25
Calle 187,1641,38
Calle 106,762,35
Calle 106,3944,33
Calle 22,425,32
Calle 63,6366,27
Avenida 39,4312,5
Flores,3317,28
Profamilia,6298,4
Calle 142,7946,32
Calle 63,1912,23
Prado Veraniego,701,27
Virrey,2147,20
Calle 26,1412,26
Calle 100,1778,6
Calle 1,1109,22
Toberín,3412,38
Calle 19,5225,32
Profamilia,7426,31
Calle 142,2157,18
Terminal,1874,9
Calle 142,3385,34
Calle 106,7085,30
Héroes,5862,3
Marly,1383,36
Toberín,2644,34
Calle 76,2915,19
Mazuren,3789,16
Calle 57,7103,22
Calle 187,1085,18
Cardio Infantil,3783,26
Calle 106,1684,29
Calle 57,1201,18
Prado Veraniego,2910,28
Prado Veraniego,1386,18
Cardio Infantil,2997,40
Calle 76,1601,13
Virrey,7396,25
Calle 85,1673,7
Mazuren,5188,26
Calle 1,3533,35
Profamilia,604,14
Calle 142,2697,33
Calle 146,7614,6
Avenida 39,2182,18
Avenida 39,617,8
Mazuren,6183,32
Calle 85,7817,25
Calle 100,2208,10
Mazuren,1179,35
Mazuren,2677,8
Profamilia,6105,10
Calle 22,4773,11
Mazuren,3777,14
Calle 26,2874,28
Calle 22,2972,14
Avenida 39,913,4
Calle 72,3004,13
Héroes,3014,36
Virrey,7479,33
Avenida 39,6763,19
Prado Veraniego,4851,37
Prado Veraniego,1974,28
Alcala,1470,13
Calle 26,5556,24
Calle 187,4006,27
Héroes,4940,33
Toberín,6646,14
Mazuren,299,31
Pepe Sierra,3887,26
Marly,2111,6
Calle 106,4150,22
Alcala,7941,5
Pepe Sierra,5695,13
Calle 85,6768,23
Terminal,1722,17
Calle 22,3272,34
Profamilia,3676,34
Calle 26,7324,4
Terminal,3638,38
Calle 57,7193,25
Calle 76,7230,32
Virrey,1742,7
Toberín,1357,32
Calle 26,1660,34
Terminal,3556,15
Virrey,2095,25
Calle 85,4232,22
Avenida 39,7832,23
Calle 63,4360,24
Pepe Sierra,2871,23
Calle 100,2173,38
Marly,3677,3
Terminal,2495,20
Calle 19,4839,36
Calle 146,6188,3
Calle 63,1804,25
Calle 187,4995,39
Calle 106,6755,26
Calle 146,1580,22
Calle 100,3043,35
Calle 45,3386,9
Prado Veraniego,290,25
Virrey,6479,7
Avenida 39,771,13
Calle 19,5989,18
Calle 57,5907,27
Mazuren,5516,19
Héroes,7736,30
Prado Veraniego,3036,30
Héroes,1465,28
Toberín,4799,7
Toberín,5259,17
Calle 142,6246,2
Toberín,7285,39
Calle 26,6723,10
Calle 22,4139,34
Toberín,5558,36
Calle 100,260,37
Virrey,6976,2
Calle 26,4476,38
Calle 1,1191,33
Calle 19,4052,17
Calle 146,1684,33
Alcala,1154,8
Flores,5518,33
Calle 19,3144,38
Pepe Sierra,5572,13
Calle 63,2003,17
Calle 45,552,20
Calle 22,2953,16
Prado Veraniego,6452,21
Cardio Infantil,1092,6
Calle 19,1457,12
Toberín,6552,12
Héroes,1368,30
Mazuren,6110,24
Alcala,7009,4
Toberín,5426,5
Calle 57,316,11
Héroes,5613,26
Calle 106,6503,38
Virrey,5971,34
Avenida 39,4107,34
Alcala,2612,12
Calle 1,1850,11
Calle 45,3546,30
Calle 19,2862,35
Héroes,7315,18
Marly,2241,38
Calle 1,7425,31
Prado Veraniego,6778,8
Prado Veraniego,664,17
Calle 100,2263,24
Calle 63,1144,10
Calle 142,4782,15
Cardio Infantil,6034,9
Alcala,3056,4
Alcala,2857,2
Calle 19,1288,2
Marly,1276,11
Terminal,264,29
Prado Veraniego,2013,37
Marly,5302,36
Calle 85,7740,12
Calle 146,3166,9
Alcala,7949,28
Mazuren,3404,9
Calle 106,5357,29
Marly,2895,7
Calle 187,5018,21
Héroes,7911,26
Calle 45,6942,38
Mazuren,313,18
Calle 63,543,24
Marly,3833,17
Marly,6632,11
Calle 100,6573,18
Terminal,741,38
Calle 26,6468,15
Calle 1,3958,28
Calle 100,2553,3
Virrey,6794,6
Calle 45,1755,20
Calle 72,4126,19
Avenida 39,5557,13
Pepe Sierra,7295,32
Héroes,1387,23
Calle 85,6959,17
Marly,3870,29
Pepe Sierra,7048,20
Terminal,5104,23
Héroes,308,18
Calle 1,7599,14
Calle 100,4331,27
Calle 142,1483,3
Calle 100,3752,39
Calle 72,1231,7
Calle 100,7959,25
Calle 22,6296,28
Calle 57,3931,14
Héroes,5765,6
Profamilia,1550,22
Calle 1,1700,32
Calle 72,6845,17
Mazuren,3719,28
Calle 85,1933,2
Calle 85,7560,3
Calle 72,3369,14
Calle 63,4207,19
Calle 19,2035,18
Calle 106,2720,3
Calle 57,4498,18
Calle 1,3712,34
Calle 85,872,19
Calle 63,429,8
Calle 45,866,9
Calle 85,820,20
Calle 22,819,40
Mazuren,1908,27
Calle 146,1972,25
Calle 100,2568,13
Calle 63,1898,36
Mazuren,7573,39
Marly,1367,39
Marly,3917,13
Calle 57,6830,29
Calle 187,1100,30
Virrey,1080,25
Mazuren,1354,20
Marly,202,31
Profamilia,7096,34
Calle 146,865,38
Marly,2083,18
Cardio Infantil,3657,24
Calle 146,3397,40
Alcala,988,13
Avenida 39,7327,28
Calle 85,3831,15
Alcala,736,33
Calle 142,7907,24
Héroes,7368,30
Calle 22,1446,8
Avenida 39,455,29
Calle 142,7830,40
Calle 22,1056,28
Calle 106,5320,14
Calle 19,4527,3
Prado Veraniego,3537,32
Calle 85,828,36
Calle 106,6446,7
Marly,4445,2
Calle 63,4319,16
Calle 76,587,32
Calle 26,7745,14
Calle 19,750,29
Calle 76,6135,28
Cardio Infantil,2192,30
Terminal,6376,21
Pepe Sierra,6119,5
Profamilia,6298,26
Toberín,1173,18
Calle 22,2481,10
Terminal,2750,7
Calle 63,2947,29
Avenida 39,4887,30
Calle 146,6226,21
Terminal,2821,27
Calle 76,4898,39
Calle 85,3035,21
Profamilia,2628,33
Calle 1,1721,40
Alcala,5160,35
Calle 76,6698,4
Héroes,3269,22
Calle 45,5009,40
Profamilia,1950,20
Calle 1,2325,3
Calle 57,4215,34
Calle 106,3419,5
Profamilia,4350,37
Héroes,5467,23
Terminal,7758,22
Avenida 39,520,24
Calle 146,3813,28
Prado Veraniego,3388,14
Toberín,5265,10
Pepe Sierra,6317,17
Calle 26,3801,24
Alcala,974,27
Calle 142,3571,2
Alcala,4636,10
Calle 1,5481,33
Calle 72,5506,26
Marly,1050,7
Avenida 39,385,19
Prado Veraniego,1016,32
Calle 142,7277,2
Calle 26,7503,20
Calle 85,3907,11
Profamilia,2223,6
Calle 142,3327,30
Calle 57,4329,12
Virrey,7837,15
Calle 187,5835,7
Terminal,6589,29
Calle 106,2619,5
Cardio Infantil,1010,33
Calle 76,4609,24
Calle 146,4357,19
Calle 45,1507,33
Héroes,3083,28
Pepe Sierra,4575,18
Héroes,1160,38
Calle 76,6127,30
Virrey,5337,12
Calle 26,483,3
Marly,2427,38
Toberín,1477,26
Pepe Sierra,2866,2
Profamilia,4919,12
Calle 57,2535,5
Calle 100,5412,10
Calle 187,3293,33
Pepe Sierra,6416,7
Calle 26,6826,24
Marly,5276,25
Alcala,2777,2
Mazuren,6529,14
Pepe Sierra,6708,30
Profamilia,6705,24
Héroes,5040,15
Calle 72,4408,20
Marly,6025,20
Marly,5349,39
Calle 187,1302,21
Calle 146,6005,3
Cardio Infantil,2536,17
Cardio Infantil,5510,16
Terminal,4581,34
Marly,2285,7
Calle 19,4691,18
Terminal,4426,12
Pepe Sierra,598,25
Calle 76,3968,23
Calle 85,2868,12
Alcala,7485,31
Calle 100,670,24
Calle 63,1751,12
Prado Veraniego,5693,23
Calle 187,437,27
Calle 100,950,20
Marly,727,4
Terminal,2376,22
Calle 76,4542,17
Cardio Infantil,2308,2
Héroes,5265,31
Calle 22,6959,5
Avenida 39,6361,35
Profamilia,503,13
Calle 57,2737,37
Calle 85,6255,31
Virrey,3001,38
Héroes,669,39
Calle 19,968,38
Calle 72,624,19
Terminal,4744,32
Calle 22,1034,39
Toberín,458,39
Toberín,7942,5
Marly,7008,36
Mazuren,7611,13
Calle 146,4208,13
Virrey,3332,20
Calle 142,7838,13
Calle 85,5261,33
Calle 142,2034,40
Calle 19,4744,2
Toberín,5167,12
Terminal,7394,38
Pepe Sierra,3599,29
Calle 19,1808,9
Toberín,4260,30
Avenida 39,627,20
Héroes,6909,20
Terminal,5928,20
Calle 26,5944,5
Calle 1,2667,34
Cardio Infantil,5315,8
Calle 45,2021,39
Calle 26,7090,33
Calle 72,763,26
Calle 57,3183,27
Toberín,5871,5
Calle 19,7301,40
Terminal,3973,25
Virrey,4562,32
Calle 142,2136,5
Héroes,6514,8
Avenida 39,1633,19
Calle 1,3782,13
Virrey,4360,4
Calle 19,1747,33
Flores,219,9
Calle 19,3184,10
Calle 63,5864,10
Calle 76,257,4
Terminal,2710,26
Terminal,6222,22
Calle 22,2914,7
Calle 57,4821,26
Calle 22,2747,35
Virrey,5609,39
Calle 106,4556,6
Calle 63,6252,30
Profamilia,7340,16
Calle 142,5131,11
Calle 146,1616,6
Mazuren,4206,38
Profamilia,2991,18
Calle 22,5483,19
Mazuren,1743,26
Calle 45,5658,3
Calle 106,7119,8
Marly,713,11
Calle 76,6067,17
Calle 106,7606,10
Flores,623,11
Prado Veraniego,3195,36
Profamilia,2006,2
Terminal,5750,21
Calle 146,1598,39
Profamilia,531,6
Calle 187,6031,12
Calle 146,1345,15
Cardio Infantil,7528,4
Calle 26,5077,30
Calle 76,4992,25
Mazuren,3732,35
Calle 63,659,10
Pepe Sierra,5310,25
Avenida 39,5534,38
Virrey,2033,5
Calle 1,7169,3
Calle 142,4866,2
Avenida 39,4603,26
Calle 72,2831,14
Calle 45,2013,20
Pepe Sierra,2724,26
Terminal,7323,24
Calle 45,4654,6
Mazuren,7898,39
Profamilia,3943,10
Calle 142,5804,2
Calle 100,209,2
Calle 146,3594,31
Calle 45,3882,10
Calle 57,2878,12
Calle 57,5887,9
Profamilia,1943,6
Calle 26,2799,9
Calle 76,6119,17
Cardio Infantil,6542,12
Calle 63,6003,20
Alcala,7580,7
Calle 142,7138,28
Calle 19,6050,24
Calle 146,514,34
Pepe Sierra,1143,28
Calle 187,1977,30
Cardio Infantil,7736,34
Profamilia,2857,13
Calle 142,5165,23
Calle 72,7692,19
Calle 142,5436,13
Toberín,3688,26
Alcala,3870,28
Mazuren,6376,11
Toberín,826,26
Calle 26,5310,12
Terminal,1283,36
Profamilia,2913,20
Terminal,6782,6
Calle 1,1602,18
Calle 63,3063,26
Calle 100,7484,23
Calle 85,4713,2
Flores,6263,8
Toberín,7321,4
Calle 100,4061,15
Calle 76,3617,36
Calle 57,2361,14
Calle 85,5689,32
Prado Veraniego,2825,9
Calle 76,3544,14
Calle 1,5841,16
Calle 45,6142,21
Toberín,7111,30
Alcala,1646,23
Héroes,4360,30
Mazuren,7659,5
Calle 26,6039,19
Calle 85,5711,10
Mazuren,2870,7
Calle 142,4197,28
Calle 22,7311,21
Calle 26,1985,25
Avenida 39,3786,23
Mazuren,7192,22
Mazuren,1911,10
Calle 22,1249,9
Calle 63,2850,30
Flores,977,4
Prado Veraniego,6536,23
Cardio Infantil,4061,24
Cardio Infantil,953,22
Pepe Sierra,6659,38
Pepe Sierra,4536,27
Calle 72,5544,10
Pepe Sierra,4816,15
Calle 57,1425,14
Mazuren,1430,35
Calle 57,4428,14
Alcala,4111,17
Prado Veraniego,849,5
Pepe Sierra,4972,31
Toberín,2202,40
Profamilia,6570,10
Héroes,7956,19
Calle 45,1015,5
Calle 57,7519,30
Cardio Infantil,3806,24
Calle 57,6943,12
Cardio Infantil,3730,27
Flores,3231,19
Avenida 39,2951,23
Mazuren,4480,36
Calle 63,613,37
Toberín,6872,28
Cardio Infantil,4280,7
Calle 85,969,4
Toberín,4051,30
Calle 142,2265,12
Calle 142,651,37
Calle 100,710,37
Calle 106,2511,16
Mazuren,7240,19
Virrey,4636,18
Calle 100,5905,34
Calle 45,5590,13
Alcala,234,11
Profamilia,4207,15
Calle 22,4335,34
Calle 57,5649,24
Prado Veraniego,6938,20
Calle 106,3728,17
Calle 57,2726,37
Toberín,2294,8
Calle 76,7933,15
Calle 22,1294,30
Profamilia,5596,37
Calle 85,7873,17
Alcala,5604,4
Calle 1,4199,39
Alcala,3218,39
Calle 22,694,25
Calle 57,4096,37
Avenida 39,7395,36
Calle 146,5540,2
Calle 19,2113,16
Calle 85,4238,19
Calle 63,6722,39
Calle 45,6692,9
Calle 85,2497,24
Flores,2067,39
Calle 85,1231,7
Calle 100,3543,4
Calle 72,442,18
Calle 106,3759,17
Calle 146,4181,31
Héroes,2401,35
Cardio Infantil,3708,2
Prado Veraniego,1538,19
Prado Veraniego,3173,13
Cardio Infantil,6087,26
Calle 45,5933,30
Prado Veraniego,3626,32
Héroes,7003,25
Calle 26,2205,5
Pepe Sierra,4630,30
Héroes,2974,32
Calle 72,4489,36
Avenida 39,5457,13
Calle 57,3795,23
Mazuren,7779,7
Calle 146,7338,4
Toberín,4603,5
Calle 45,4741,18
Calle 19,4947,19
Marly,362,8
Marly,1903,36
Calle 187,7709,21
Calle 100,4654,38
Calle 19,3460,13
Alcala,876,20
Calle 72,7495,24
Alcala,7613,11
Terminal,2384,4
Calle 22,3911,27
Calle 26,4812,11
Calle 100,3191,29
Pepe Sierra,5875,32
Mazuren,4509,35
Calle 63,6214,12
Calle 57,7549,5
Calle 106,2124,33
Virrey,2948,28
Calle 187,4027,22
Calle 22,3177,4
Calle 76,4305,27
Calle 100,5998,3
Alcala,5006,6
Calle 45,5441,21
Profamilia,4873,9
Mazuren,5098,38
Avenida 39,3357,27
Calle 19,2565,32
Virrey,2630,31
Mazuren,7611,28
Calle 187,632,20
Calle 85,346,9
Calle 85,2601,38
Calle 22,6543,24
Mazuren,3582,11
Calle 1,5115,31
Toberín,732,14
Flores,4076,33
Calle 72,3517,12
Virrey,7537,11
Calle 1,4276,38
Profamilia,5321,19
Toberín,2242,29
Calle 187,1273,33
Alcala,4103,30
Calle 106,4484,26
Calle 100,2156,35
Profamilia,4868,4
Calle 76,1494,6
Calle 26,2957,13
Profamilia,3121,29
Calle 19,4646,23
Virrey,5861,39
Avenida 39,1617,22
Avenida 39,2582,36
Profamilia,7089,33
Terminal,5297,6
Profamilia,4783,24
Calle 100,3949,22
Marly,708,6
Calle 187,5469,15
Calle 26,5262,5
Calle 146,3170,9
Alcala,1231,13
Calle 1,1110,5
Calle 76,3124,27
Calle 85,6700,28
Toberín,7355,6
Pepe Sierra,7867,34
Calle 187,6577,4
Héroes,5780,11
Calle 63,1521,28
Virrey,5368,22
Virrey,529,29
Calle 1,2263,22
Marly,1144,4
Calle 19,895,36
Mazuren,4432,33
Calle 187,3262,21
Marly,3079,4
Calle 57,794,29
Calle 142,5994,4
Avenida 39,7169,31
Calle 22,945,27
Prado Veraniego,742,18
Calle 85,4745,31
Calle 106,4623,26
Marly,6392,39
Calle 146,1849,30
Calle 19,5724,14
Calle 85,7546,14
Avenida 39,1492,34
Calle 57,4220,36
Alcala,7016,10
Mazuren,5502,19
Calle 26,5377,6
Calle 187,2461,21
Mazuren,4102,22
Toberín,7937,12
Calle 85,4164,15
Toberín,6980,37
Calle 142,1156,35
Calle 142,2976,10
Mazuren,3745,30
Terminal,2332,19
Pepe Sierra,6400,26
Héroes,2460,25
Calle 85,6694,33
Virrey,6614,27
Flores,5278,14
Cardio Infantil,7808,33
Calle 22,437,12
Calle 22,5375,9
Marly,6335,16
Calle 187,7532,3
Calle 57,4501,6
Virrey,4803,4
Calle 85,6953,40
Profamilia,6288,37
Héroes,2705,23
Alcala,3876,27
Calle 57,355,18
Toberín,6105,24
Mazuren,1217,19
Calle 26,1125,15
Cardio Infantil,4364,9
Héroes,2183,3
Terminal,5500,29
Calle 22,3737,25
Mazuren,7320,37
Marly,7910,38
Prado Veraniego,1872,33
Calle 57,2475,32
Profamilia,2381,26
Calle 76,4068,36
Virrey,3702,2
Calle 106,7898,24
Calle 106,2441,2
Profamilia,6274,34
Cardio Infantil,1392,18
Virrey,264,34
Toberín,4807,18
Calle 106,1522,29
Terminal,7543,17
Calle 1,5056,21
Cardio Infantil,4503,8
Virrey,2965,19
Prado Veraniego,6896,35
Profamilia,6534,15
Calle 187,2154,27
Toberín,3841,38
Profamilia,3413,21
Avenida 39,7063,39
Calle 22,5267,8
Virrey,3477,28
Calle 187,1319,20
Calle 187,833,16
Calle 100,7465,36
Mazuren,7027,35
Calle 19,7010,27
Calle 72,7360,6
Prado Veraniego,2258,31
Calle 106,4746,32
Calle 187,3627,26
Virrey,7024,15
Calle 72,5519,35
Alcala,1553,39
Calle 22,614,7
Calle 106,3494,19
Calle 63,4592,30
Calle 76,4614,22
Prado Veraniego,7837,30
Calle 100,3626,37
Calle 72,4392,31
Calle 19,5251,15
Calle 26,5773,33
Avenida 39,7662,32
Calle 72,2853,34
Calle 76,6279,3
Calle 187,707,19
Avenida 39,3247,11
Toberín,3049,18
Toberín,3552,9
Profamilia,6326,23
Héroes,3279,11
Mazuren,4792,17
Cardio Infantil,978,5
Flores,5696,29
Marly,5273,27
Flores,6475,34
Calle 142,6223,4
Calle 106,3140,32
Prado Veraniego,7919,7
Profamilia,5150,8
Calle 19,5211,40
Terminal,6153,16
Calle 26,730,36
Calle 45,339,5
Calle 187,2219,39
Calle 76,214,3
Calle 146,2839,27
Mazuren,3002,2
Prado Veraniego,3736,12
Calle 100,6690,26
Calle 63,3298,2
Prado Veraniego,1511,18
Profamilia,4957,28
Profamilia,3658,30
Cardio Infantil,3852,7
Calle 85,5993,26
Calle 26,4878,29
Mazuren,6919,38
Alcala,4108,8
Mazuren,3131,39
Calle 63,425,40
Calle 1,2006,37
Avenida 39,7600,19
Héroes,4095,31
Toberín,4242,33
Calle 19,4782,10
Calle 26,5090,14
Alcala,1441,35
Calle 26,3927,40
Calle 85,5056,32
Calle 72,4351,20
Calle 63,2479,6
Calle 1,4407,20
Profamilia,5659,34
Calle 72,1761,7
Calle 22,2380,33
Calle 63,6908,35
Calle 76,344,10
Profamilia,1664,27
Héroes,1672,2
Calle 100,3684,10
Virrey,3528,33
Virrey,6186,16
Calle 85,1438,27
Calle 100,753,12
Calle 63,3778,18
Calle 22,3310,36
Calle 76,4378,37
Prado Veraniego,4532,5
Cardio Infantil,3598,39
Calle 72,2895,20
Prado Veraniego,1382,3
Héroes,6733,26
Avenida 39,2451,9
Pepe Sierra,2477,10
Alcala,5567,23
Prado Veraniego,757,24
Calle 72,3209,9
Héroes,7585,12
Toberín,3199,29
Calle 85,4093,16
Avenida 39,2736,15
Calle 76,4919,40
Calle 22,1196,38
Flores,2231,32
Pepe Sierra,2276,29
Alcala,2609,24
Calle 57,521,14
Virrey,1688,36
Pepe Sierra,388,30
Prado Veraniego,7763,8
Calle 63,5164,30
Profamilia,7006,21
Profamilia,2482,5
Calle 63,5071,15
Mazuren,5208,31
Virrey,7088,6
Calle 142,5290,29
Héroes,7398,35
Toberín,3450,18
Calle 1,3620,17
Héroes,3529,17
Calle 1,2652,27
Calle 76,4667,8
Calle 76,1686,9
Virrey,7932,18
Calle 85,565,12
Calle 100,2783,19
Calle 19,5453,32
Calle 146,7845,24
Calle 106,5059,16
Calle 45,670,40
Terminal,7581,4
Toberín,446,36
Pepe Sierra,5724,20
Cardio Infantil,7957,14
Calle 1,5405,32
Calle 100,356,11
Calle 45,4905,6
Calle 22,5676,5
Cardio Infantil,6757,34
Calle 26,2483,39
Cardio Infantil,3159,24
Alcala,639,18
Pepe Sierra,6566,19
Calle 26,1832,40
Calle 1,6069,38
Terminal,6986,25
Calle 57,4864,5
Flores,3185,18
Calle 57,3626,38
Calle 26,4362,7
Calle 85,7562,31
Toberín,7817,11
Calle 142,3837,16
Héroes,7819,36
Calle 100,6728,31
Calle 85,7308,29
Terminal,5528,11
Prado Veraniego,5094,36
Virrey,587,8
Avenida 39,3535,29
Toberín,5432,34
Calle 142,4192,4
Calle 85,776,37
Calle 142,1426,33
Avenida 39,7014,35
Calle 142,1148,19
Calle 187,5487,26
Cardio Infantil,858,10
Calle 63,2265,37
Pepe Sierra,5884,39
Calle 57,5826,33
Terminal,3122,34
Calle 106,360,26
Profamilia,727,32
Calle 146,5416,35
Calle 106,7190,40
Calle 19,4402,23
Cardio Infantil,3469,2
Calle 187,7690,39
Calle 57,4702,36
Flores,2943,34
Virrey,5568,37
Calle 85,1708,10
Calle 142,573,5
Calle 1,6688,2
Mazuren,7280,31
Calle 146,3873,3
Terminal,6434,9
Calle 85,2603,13
Calle 19,7325,15
Virrey,6096,2
Calle 142,5575,17
Calle 57,5861,16
Marly,2733,23
Calle 100,3504,37
Calle 106,2524,17
Calle 63,7896,5
Calle 142,1525,39
Calle 45,3144,2
Calle 57,2930,28
Calle 85,6561,36
Marly,1035,28
Calle 72,3849,22
Calle 22,1333,28
Calle 100,3551,4
Calle 63,7335,7
Marly,5315,30
Calle 100,3599,37
Virrey,6730,24
Calle 63,3279,31
Calle 106,5799,27
Calle 106,2176,28
Profamilia,6648,30
Calle 19,4471,14
Calle 22,6715,4
Héroes,1925,36
Calle 187,2154,23
Cardio Infantil,1086,18
Cardio Infantil,4818,22
Calle 100,680,3
Calle 100,4579,22
Calle 63,7869,21
Alcala,2132,25
Calle 63,7255,4
Toberín,1714,21
Cardio Infantil,3069,15
Calle 57,5946,14
Toberín,7215,32
Terminal,318,35
Pepe Sierra,2069,3
Toberín,4763,29
Pepe Sierra,1067,29
Calle 187,2939,30
Calle 57,2019,31
Toberín,3194,34
Toberín,6265,16
Calle 187,3250,23
Calle 22,1519,9
Prado Veraniego,4804,31
Alcala,5717,26
Calle 85,2562,5
Profamilia,5488,7
Pepe Sierra,2168,38
Calle 1,7839,37
Calle 22,3143,11
Calle 72,5291,36
Mazuren,6611,13
Virrey,3270,35
Prado Veraniego,3000,23
Toberín,3903,3
Alcala,965,10
Flores,2151,2
Mazuren,3514,11
Cardio Infantil,5834,16
Cardio Infantil,7479,16
Calle 22,2867,26
Calle 85,7666,35
Calle 63,3904,31
Calle 187,1832,22
Profamilia,971,2
Calle 100,3407,25
Calle 76,645,28
Calle 142,5574,11
Pepe Sierra,6068,24
Avenida 39,3623,36
Avenida 39,3662,3
Virrey,679,14
Alcala,2691,13
Calle 72,1373,22
Flores,2665,3
Pepe Sierra,1544,35
Cardio Infantil,5855,14
Pepe Sierra,496,27
Calle 57,3463,31
Mazuren,5461,11
Calle 142,4621,7
Pepe Sierra,5976,4
Calle 187,2746,21
Flores,7349,2
Calle 1,5531,39
Calle 26,1856,19
Calle 76,469,16
Avenida 39,7323,27
Marly,3278,21
Calle 22,3063,3
Calle 26,7244,9
Calle 72,4846,19
Calle 19,4288,14
Flores,5002,18
Calle 45,2175,37
Calle 100,6596,10
Avenida 39,1678,21
Cardio Infantil,960,35
Virrey,4889,12
Prado Veraniego,5405,15
Calle 26,2502,30
Profamilia,616,5
Calle 106,6990,16
Calle 76,3034,15
Toberín,4487,21
Toberín,3026,31
Avenida 39,7028,20
Calle 187,3280,8
Calle 57,2251,5
Calle 76,4332,8
Calle 142,5947,3
Calle 1,5867,7
Calle 187,6511,13
Alcala,6030,37
Pepe Sierra,3271,40
Héroes,6346,23
Flores,771,37
Calle 63,2984,29
Héroes,5252,35
Virrey,1896,3
Mazuren,4723,19
Prado Veraniego,4343,29
Calle 76,3113,13
Calle 85,7770,16
Calle 187,1067,34
Calle 72,1259,26
Terminal,5028,21
Héroes,209,21
Calle 26,7826,19
Avenida 39,3441,39
Calle 100,4769,18
Calle 63,6682,9
Marly,7053,22
Mazuren,4035,19
Profamilia,7486,21
Marly,3457,32
Calle 72,1333,25
Mazuren,5293,16
Cardio Infantil,7065,17
Calle 187,1775,32
Virrey,4781,23
Calle 45,6549,16
Calle 146,1666,26
Terminal,4713,38
Flores,1009,21
Calle 26,4909,19
Calle 76,7684,6
Calle 26,5724,9
Calle 72,4588,28
Calle 72,6085,13
Calle 100,2012,34
Calle 100,6487,26
Calle 72,7743,20
Virrey,889,27
Calle 57,4857,12
Calle 1,1005,6
Calle 106,3153,36
Terminal,6588,13
Calle 76,358,17
Calle 72,5086,22
Alcala,4279,29
Calle 142,3929,21
Calle 85,2285,8
Calle 100,3481,24
Calle 26,3031,7
Héroes,1108,13
Calle 146,5968,17
Calle 146,1526,29
Flores,1563,9
Calle 63,1002,7
Pepe Sierra,4111,3
Virrey,1835,38
Héroes,4750,5
Calle 45,2722,30
Calle 57,3879,19
Calle 106,2134,29
Calle 146,982,33
Calle 26,1297,18
Calle 63,5711,17
Marly,1486,25
Flores,6564,24
Cardio Infantil,3481,24
Calle 57,1000,26
Héroes,6204,5
Calle 76,7578,20
Flores,4822,17
Calle 57,7423,27
Calle 76,6302,38
Profamilia,2565,10
Calle 72,5836,31
Calle 146,5673,20
Calle 57,6701,37
Calle 76,1694,6
Héroes,5974,32
Calle 72,2434,38
Marly,4110,16
Calle 85,4043,13
Calle 19,5643,35
Calle 22,1196,31
Calle 72,3078,28
Calle 26,5496,27
Profamilia,716,22
Calle 19,7777,34
Flores,7040,10
Calle 85,2128,21
Calle 72,3318,29
Flores,1280,35
Marly,4357,24
Calle 22,6225,32
Marly,6949,28
Cardio Infantil,5582,2
Calle 26,1390,38
Calle 1,1889,16
Calle 1,4342,19
Calle 100,1948,18
Calle 106,2467,37
Calle 100,2575,34
Calle 19,3336,28
Alcala,1453,2
Avenida 39,848,22
Calle 1,345,28
Marly,7313,18
Avenida 39,1100,37
Calle 1,1282,10
Avenida 39,5025,3
Mazuren,3382,35
Flores,2545,4
Calle 19,6303,5
Prado Veraniego,5332,27
Terminal,689,27
Flores,4760,28
Pepe Sierra,2792,29
Virrey,673,31
Cardio Infantil,2801,16
Calle 22,2825,9
Profamilia,6260,7
Calle 63,5040,35
Calle 106,4289,34
Alcala,4845,7
Calle 57,5555,8
Pepe Sierra,2625,17
Calle 57,3234,17
Mazuren,6399,27
Calle 142,3350,31
Cardio Infantil,3969,27
Calle 45,7065,25
Profamilia,6634,13
Prado Veraniego,6542,32
Toberín,7610,10
Calle 106,7208,3
Profamilia,7785,30
Calle 187,4584,7
Calle 63,2611,4
Calle 106,5417,22
Flores,3995,19
Cardio Infantil,4076,22
Mazuren,5122,29
Calle 142,934,9
Calle 85,2342,19
Calle 146,2359,28
Calle 22,6670,7
Calle 100,7172,35
Prado Veraniego,6182,17
Calle 146,3268,13
Terminal,2915,6
Cardio Infantil,5527,12
Marly,5225,10
Cardio Infantil,1885,10
Flores,524,4
Calle 146,2372,13
Calle 187,5239,14
Calle 26,1807,16
Cardio Infantil,1818,8
Calle 85,4731,21
Avenida 39,1748,2
Calle 106,1028,10
Calle 146,486,8
Terminal,1474,26
Terminal,5573,3
Mazuren,2535,33
Calle 57,7009,36
Flores,3355,29
Calle 22,7210,27
Héroes,6641,11
Calle 100,3195,36
Calle 142,828,13
Calle 76,5655,18
Calle 100,5641,35
Flores,650,15
Calle 57,2708,17
Calle 142,5492,4
Calle 187,7647,9
Terminal,1587,28
Calle 57,6173,15
Calle 85,529,36
Calle 187,4477,2
Calle 187,3841,12
Calle 146,4075,3
Calle 100,5390,30
Pepe Sierra,6325,13
Cardio Infantil,4923,23
Mazuren,4474,36
Calle 22,5327,33
Calle 187,740,8
Alcala,6082,40
Calle 19,2652,8
Calle 19,7874,32
Terminal,6721,15
Terminal,2614,33
Cardio Infantil,4559,37
Terminal,771,16
Calle 45,2614,11
Cardio Infantil,7765,36
Héroes,6819,23
Virrey,5750,29
Alcala,5571,14
Mazuren,851,15
Pepe Sierra,6410,9
Calle 100,4804,37
Calle 63,6487,22
Calle 187,3412,10
Calle 72,5740,39
Héroes,4051,34
Calle 100,3157,23
Cardio Infantil,7950,3
Héroes,1720,36
Profamilia,6541,34
Calle 45,7686,9
Calle 57,262,7
Toberín,5570,25
Calle 72,5832,32
Calle 22,570,16
Calle 57,757,4
Calle 1,4441,9
Calle 106,4820,36
Calle 19,6126,19
Héroes,3757,2
Marly,3223,31
Mazuren,7655,12
Alcala,5141,8
Calle 187,2104,3
Calle 72,7261,17
Calle 187,7187,5
Calle 19,2391,11
Virrey,3573,21
Terminal,5662,23
Profamilia,4860,9
Cardio Infantil,7195,38
Flores,5128,24
Calle 85,3557,5
Calle 22,6738,40
Pepe Sierra,3580,13
Calle 45,920,32
Calle 76,6088,25
Calle 63,6827,4
Calle 19,2094,2
Calle 76,4740,25
Virrey,4196,18
Alcala,4366,40
Calle 146,5335,8
Prado Veraniego,3653,12
Calle 100,3631,33
Mazuren,5359,35
Cardio Infantil,6392,29
Cardio Infantil,4977,29
Calle 19,2725,40
Cardio Infantil,5729,15
Mazuren,1400,27
Calle 142,7307,25
Pepe Sierra,4767,39
Flores,1839,4
Calle 19,1249,36
Avenida 39,7033,28
Calle 1,2705,4
Avenida 39,3783,8
Calle 22,553,8
Mazuren,2760,28
Profamilia,7760,26
Calle 45,7346,25
Mazuren,6179,34
Calle 146,435,7
Calle 26,6753,11
Calle 142,938,9
Alcala,309,24
Calle 106,6416,22
Calle 63,4696,5
Calle 57,4760,24
Cardio Infantil,5834,6
Calle 106,4401,34
Calle 76,1210,15
Alcala,1222,37
Prado Veraniego,6269,34
Virrey,1506,23
Calle 22,4969,31
Prado Veraniego,3501,35
Calle 22,7288,12
Calle 146,5784,34
Virrey,4272,23
Toberín,3680,35
Marly,1691,35
Prado Veraniego,3010,21
Calle 19,5162,39
Calle 45,6415,8
Calle 1,7148,39
Calle 45,1050,9
Flores,1120,27
Avenida 39,5621,13
Toberín,7941,21
Calle 57,6671,10
Calle 85,6633,10
Flores,875,17
Calle 187,4230,12
Calle 146,7975,11
Calle 57,3186,7
Toberín,2361,23
Calle 45,6504,27
Marly,3046,34
Calle 142,7219,25
Calle 106,6441,25
Calle 76,3799,35
Calle 106,2619,20
Flores,6331,37
Calle 100,6272,12
Calle 22,4147,3
Virrey,3911,8
Calle 22,7353,21
Flores,5890,33
Mazuren,5416,3
Virrey,1348,22
Toberín,2090,24
Calle 63,5424,35
Calle 106,2935,40
Mazuren,3904,10
Calle 187,6043,14
Profamilia,6256,30
Alcala,5284,24
Calle 100,2112,35
Calle 1,304,24
Calle 187,2027,20
Cardio Infantil,7713,32
Flores,7865,39
Calle 146,2539,28
Calle 72,5572,25
Calle 142,2489,9
Calle 45,591,20
Alcala,7489,14
Calle 57,5253,28
Virrey,3444,37
Calle 19,7430,7
Calle 57,4581,10
Flores,5841,29
Prado Veraniego,3806,12
Prado Veraniego,7240,31
Calle 187,4779,8
Calle 45,3551,34
Profamilia,5600,16
Profamilia,4420,10
Cardio Infantil,654,17
Pepe Sierra,7073,34
Mazuren,2673,21
Alcala,6847,8
Calle 26,5947,40
Calle 63,7700,23
Flores,5188,39
Calle 45,1117,10
Calle 1,1745,16
Calle 106,4582,21
Calle 85,6820,19
Calle 100,7227,38
Calle 1,2550,5
Virrey,6034,14
Calle 57,7090,12
Prado Veraniego,2287,26
Cardio Infantil,4807,35
Mazuren,4283,31
Terminal,2763,33
Calle 146,2375,13
Alcala,7654,8
Profamilia,1730,11
Flores,1964,11
Calle 187,1646,38
Cardio Infantil,7054,20
Calle 100,6541,30
Flores,5336,35
Calle 22,7208,36
Calle 19,4740,40
Calle 57,5317,4
Calle 63,7056,16
Avenida 39,1779,8
Pepe Sierra,6353,27
Calle 57,7819,32
Calle 57,2314,4
Flores,6869,17
Pepe Sierra,6757,38
Alcala,4779,39
Pepe Sierra,1716,11
Toberín,1747,25
Calle 142,1464,30
Marly,6086,19
Cardio Infantil,5412,5
Calle 45,6761,26
Flores,4914,2
Calle 57,6444,23
Calle 187,3400,38
Virrey,7016,20
Calle 57,1437,6
Calle 85,4392,24
Calle 85,2893,26
Calle 19,6586,39
Calle 22,4829,38
Marly,5983,17
Calle 19,1108,21
Calle 187,2825,21
Alcala,1306,30
Calle 100,6919,34
Toberín,7773,31
Virrey,6244,10
Avenida 39,6015,10
Alcala,1281,33
Calle 26,3361,21
Calle 63,7996,5
Calle 26,5532,13
Toberín,1691,28
Virrey,6044,19
Calle 19,2978,33
Cardio Infantil,7362,24
Calle 45,4111,21
Calle 22,2975,2
Terminal,1797,32
Virrey,6330,5
Calle 187,3031,40
Toberín,5815,7
Héroes,7313,12
Terminal,5210,29
Alcala,3817,4
Avenida 39,7430,18
Calle 45,2806,38
Héroes,7383,22
Calle 100,5556,24
Calle 72,7634,22
Calle 106,3039,13
Héroes,7784,12
Marly,2525,34
Calle 187,6183,38
Prado Veraniego,7962,2
Calle 19,4640,18
Calle 26,4377,32
Calle 85,6305,36
Calle 63,6721,39
Terminal,7507,34
Cardio Infantil,2050,15
Calle 187,549,11
Cardio Infantil,5976,19
Mazuren,1067,39
Calle 1,520,26
Cardio Infantil,6346,4
Toberín,4707,40
Calle 187,2118,18
Pepe Sierra,3742,3
Calle 100,1755,40
Cardio Infantil,5415,23
Alcala,1542,7
Calle 19,5074,17
Calle 26,3435,37
Terminal,1110,23
Calle 100,7491,20
Calle 26,7930,13
Marly,7392,37
Prado Veraniego,7730,36
Héroes,2265,11
Calle 19,7332,12
Calle 106,5443,22
Alcala,466,29
Cardio Infantil,2873,28
Marly,436,17
Virrey,4278,17
Calle 187,4396,34
Mazuren,3363,14
Calle 72,5525,27
Calle 85,7929,23
Prado Veraniego,6234,12
Calle 100,3380,34
Calle 76,7024,21
Pepe Sierra,4590,25
Avenida 39,2416,32
Calle 1,963,9
Calle 45,677,6
Cardio Infantil,5021,16
Héroes,5082,34
Profamilia,7168,5
Avenida 39,5799,2
Alcala,2784,35
Calle 45,7390,34
Calle 63,7716,21
Calle 22,7980,40
Calle 76,7093,4
Calle 72,215,11
Calle 72,6352,26
Calle 1,4128,10
Calle 72,2120,22
Flores,1501,3
Calle 76,782,30
Calle 146,1976,25
Mazuren,4112,23
Calle 22,5476,32
Calle 85,1013,10
Calle 45,4875,31
Calle 142,2017,17
Calle 45,6265,10
Toberín,4390,20
Calle 142,1443,17
Calle 45,6264,8
Flores,274,34
Héroes,5529,32
Calle 22,2682,2
Alcala,3880,24
Pepe Sierra,973,35
Alcala,2288,27
Calle 106,7081,32
Calle 146,4564,12
Calle 100,6792,29
Calle 76,5228,37
Calle 57,6273,38
Pepe Sierra,5574,20
Calle 100,3270,3
Marly,7139,35
Calle 142,1667,2
Calle 63,7488,25
Calle 22,5316,25
Calle 142,876,2
Alcala,4839,8
Calle 19,7528,34
Cardio Infantil,3513,21
Héroes,620,27
Mazuren,1001,13
Calle 187,2089,13
Virrey,2910,34
Calle 63,1901,15
Calle 45,1002,3
Alcala,4515,21
Profamilia,6322,30
Calle 19,6877,15
Mazuren,3670,6
Alcala,5440,22
Profamilia,7934,36
Calle 187,6087,38
Prado Veraniego,5372,4
Calle 63,1822,3
Calle 63,7640,28
Pepe Sierra,1309,30
Virrey,3473,25
Calle 72,259,21
Calle 85,5785,27
Calle 85,7053,10
Calle 100,5188,8
Virrey,4889,39
Calle 187,4447,28
Calle 72,3307,10
Marly,2668,6
Calle 187,3173,3
Calle 72,5888,39
Calle 76,2801,9
Marly,5327,23
Avenida 39,6411,10
Calle 45,7084,27
Mazuren,7943,2
Calle 72,800,27
Terminal,3327,7
Calle 142,425,8
Cardio Infantil,5692,2
Calle 72,6081,36
Pepe Sierra,1158,6
Mazuren,7056,2
Calle 85,514,18
Calle 1,2894,15
Terminal,636,26
Calle 57,6535,33
Avenida 39,6548,26
Avenida 39,7645,29
Calle 26,5123,8
Calle 22,7206,21
Calle 22,3585,12
Avenida 39,3156,9
Calle 76,5415,11
Calle 19,7527,3
Alcala,3559,9
Calle 26,7512,3
Héroes,1152,5
Calle 45,3385,12
Calle 57,2794,40
Prado Veraniego,603,28
Calle 19,3921,11
Calle 85,4826,13
Calle 76,3970,7
Virrey,5088,16
Pepe Sierra,3181,3
Pepe Sierra,2856,27
Calle 72,7885,6
Calle 19,5524,40
Avenida 39,3976,31
Profamilia,1720,13
Alcala,622,15
Mazuren,405,12
Calle 57,7713,13
Alcala,6499,22
Calle 100,5704,36
Marly,4666,37
Calle 22,4526,29
Calle 76,5274,29
Virrey,5307,35
Calle 22,977,8
Calle 63,5438,33
Calle 1,4711,6
Calle 26,312,27
Calle 63,1370,27
Calle 187,4552,36
Calle 100,3837,3
Alcala,854,23
Virrey,7017,11
Calle 187,6839,34
Calle 45,6569,19
Terminal,1248,39
Profamilia,5902,4
Profamilia,2862,40
Calle 1,6375,40
Calle 57,1422,39
Profamilia,1955,17
Calle 72,7594,15
Virrey,2769,24
Calle 1,3048,2
Cardio Infantil,4565,28
Calle 63,3086,2
Alcala,431,35
Calle 57,1235,3
Flores,3363,10
Cardio Infantil,6038,35
Calle 146,5280,21
Calle 19,4317,16
Calle 72,5075,36
Virrey,3917,5
Calle 146,872,2
Virrey,6438,20
Profamilia,3463,5
Marly,3684,4
Flores,3124,16
Prado Veraniego,7133,37
Pepe Sierra,5532,38
Héroes,2153,17
Flores,3197,23
Calle 63,2496,13
Calle 19,2444,13
Profamilia,7937,14
Calle 146,4648,17
Calle 1,7805,24
Calle 57,5670,8
Calle 100,6584,19
Avenida 39,3265,25
Calle 57,2945,39
Prado Veraniego,3792,8
Calle 187,1851,25
Héroes,2088,25
Toberín,2550,11
Calle 100,626,35
Calle 63,887,3
Marly,2369,24
Calle 45,5594,35
Cardio Infantil,883,15
Profamilia,6547,8
Calle 26,6413,13
Virrey,5720,10
Calle 100,678,20
Calle 76,5688,36
Profamilia,2450,24
Calle 100,2285,30
Calle 76,1323,6
Calle 19,7591,34
Calle 146,6728,6
Terminal,3762,30
Calle 72,6703,21
Alcala,7696,23
Toberín,1778,29
Calle 1,4114,26
Calle 106,4208,29
Virrey,3423,29
Profamilia,3223,22
Mazuren,1836,38
Calle 26,3289,16
Pepe Sierra,5690,14
Pepe Sierra,3992,3
Calle 22,4507,17
Prado Veraniego,717,17
Calle 187,1032,10
Calle 22,7045,19
Calle 19,2138,12
Calle 72,4146,19
Terminal,493,24
Pepe Sierra,4668,34
Pepe Sierra,2694,3
Calle 142,878,28
Avenida 39,5575,11
Terminal,1917,31
Calle 1,711,13
Calle 146,1251,35
Toberín,5699,15
Virrey,3426,24
Héroes,2953,20
Calle 1,7042,38
Calle 45,6543,34
Héroes,3040,30
Calle 57,660,12
Virrey,5099,34
Calle 63,200,18
Calle 26,5256,23
Calle 1,3053,34
Mazuren,7227,17
Terminal,2590,36
Cardio Infantil,4973,37
Flores,2345,3
Calle 106,4492,17
Mazuren,5514,35
Calle 76,2898,17
Pepe Sierra,2473,32
Marly,306,12
Terminal,316,11
Calle 76,2475,8
Terminal,606,25
Calle 142,1888,18
Avenida 39,6821,6
Pepe Sierra,439,8
Profamilia,4299,13
Virrey,5864,32
Marly,1029,19
Calle 100,7401,30
Calle 76,7152,18
Calle 85,3226,12
Toberín,2616,14
Terminal,1284,21
Terminal,1715,21
Mazuren,6277,40
Toberín,2536,34
Prado Veraniego,799,13
Calle 100,3611,5
Calle 187,5745,19
Flores,2266,30
Terminal,3083,35
Calle 57,2398,20
Calle 106,1859,36
Avenida 39,1480,7
Calle 72,5962,17
Cardio Infantil,6479,34
Mazuren,2158,27
Calle 1,7878,19
Calle 26,7078,38
Avenida 39,3199,16
Toberín,7021,5
Calle 26,1983,10
Calle 72,6475,11
Calle 146,3471,5
Calle 22,5847,28
Calle 106,5933,15
Avenida 39,1485,29
Calle 63,3215,38
Toberín,3088,15
Mazuren,355,32
Cardio Infantil,3203,30
Marly,7447,4
Flores,1707,6
Pepe Sierra,2468,15
Pepe Sierra,1125,36
Calle 57,2862,25
Avenida 39,1484,28
Calle 1,1904,18
Calle 22,6560,40
Calle 100,2068,24
Flores,6825,31
Prado Veraniego,5441,8
Toberín,4168,37
Calle 22,5523,13
Avenida 39,2809,15
Avenida 39,1931,10
Calle 45,4568,30
Prado Veraniego,2876,38
Calle 72,6835,18
Calle 187,6756,6
Marly,7830,29
Calle 26,3229,40
Toberín,1864,4
Calle 100,3581,3
Calle 26,5291,19
Calle 142,1914,21
Calle 19,5712,7
Calle 63,3637,2
Profamilia,1848,20
Cardio Infantil,1672,33
Calle 76,3177,31
Pepe Sierra,7107,35
Calle 146,1335,24
Calle 72,4483,31
Virrey,6309,15
Calle 187,6860,33
Calle 57,5495,9
Calle 45,7026,2
Calle 72,7604,39
Mazuren,4074,35
Calle 72,1954,29
Calle 19,5543,25
Calle 106,5692,6
Calle 142,2423,6
Calle 26,5763,11
Cardio Infantil,2872,40
Toberín,3253,25
Terminal,5014,17
Pepe Sierra,4382,21
Cardio Infantil,6029,3
Profamilia,511,29
Calle 146,1513,20
Toberín,4332,15
Marly,4760,39
Flores,2221,10
Héroes,3320,24
Profamilia,4630,3
Terminal,1372,19
Cardio Infantil,7860,17
Calle 26,4230,33
Calle 85,2994,31
Héroes,6318,4
Virrey,5057,31
Terminal,5728,40
Calle 26,2349,15
Pepe Sierra,4985,28
Calle 85,6730,32
Calle 63,6771,20
Prado Veraniego,1835,12
Cardio Infantil,3003,2
Calle 85,2415,11
Calle 106,1646,7
Calle 45,5709,13
Calle 187,5391,33
Prado Veraniego,2230,22
Calle 100,5514,29
Virrey,3079,11
Flores,2567,15
Flores,1042,16
Calle 106,6994,16
Calle 1,6548,38
Profamilia,368,40
Prado Veraniego,7411,11
Calle 26,2361,18
Pepe Sierra,7534,21
Héroes,713,15
Terminal,7947,16
Flores,7444,36
Marly,6765,30
Avenida 39,1713,39
Calle 100,5887,35
Toberín,5972,17
Calle 1,5688,35
Mazuren,1723,21
Toberín,7417,36
Pepe Sierra,1784,38
Calle 72,7278,13
Terminal,1805,26
Terminal,6170,35
Marly,3089,30
Calle 63,4331,8
Héroes,4515,28
Virrey,6459,16
Mazuren,6612,7
Calle 63,1455,36
Prado Veraniego,4189,33
Calle 146,5432,6
Calle 45,1855,24
Calle 26,3229,2
Calle 72,7047,25
Calle 146,4015,14
Calle 26,3028,15
Héroes,504,18
Calle 100,445,11
Virrey,5394,35
Mazuren,1416,31
Calle 19,4324,14
Calle 146,4959,15
Calle 45,4543,4
Mazuren,2334,30
Calle 142,2218,17
Calle 1,5485,26
Calle 1,5214,15
Calle 146,6023,24
Cardio Infantil,1178,21
Calle 146,1746,12
Calle 72,3642,14
Calle 100,4616,12
Prado Veraniego,1812,3
Calle 76,5962,9
Calle 63,5163,33
Calle 63,5603,26
Calle 57,5898,20
Virrey,6527,29
Calle 146,7200,16
Calle 26,3074,16
Terminal,5186,19
Calle 146,3380,2
Avenida 39,5425,12
Calle 146,5176,31
Calle 100,1559,13
Calle 63,2631,21
Calle 45,7013,6
Calle 22,1313,14
Calle 63,1585,3
Calle 76,7414,36
Profamilia,6116,4
Flores,3783,22
Calle 22,277,20
Mazuren,802,13
Calle 72,1815,38
Calle 85,4001,38
Calle 19,4859,17
Héroes,6915,36
Marly,6467,14
Calle 85,3470,14
Héroes,683,37
Calle 76,6243,30
Toberín,7043,5
Alcala,6003,22
Calle 1,2859,7
Calle 100,2595,17
Calle 106,7407,25
Alcala,5160,30
Terminal,926,6
Calle 85,5889,28
Calle 72,2243,3
Calle 63,4878,23
Avenida 39,7901,25
Marly,939,33
Prado Veraniego,866,38
Toberín,3023,33
Calle 1,7119,11
Calle 22,1797,6
Calle 19,6600,40
Alcala,540,2
Héroes,7670,7
Calle 85,2591,14
Calle 187,3999,14
Alcala,411,2
Calle 72,6664,30
Mazuren,329,13
Mazuren,7964,24
Calle 1,4980,25
Marly,3798,35
Mazuren,5960,26
Toberín,668,17
Calle 26,7371,11
Terminal,3571,32
Calle 22,603,18
Flores,3477,16
Calle 1,5690,7
Profamilia,206,22
Calle 45,3314,29
Calle 22,7128,13
Calle 45,3988,5
Calle 85,7504,29
Marly,1356,27
Calle 22,6208,35
Calle 187,3076,39
Calle 142,6219,15
Calle 45,2224,31
Calle 57,3412,33
Calle 57,3858,35
Marly,5675,36
Alcala,7961,8
Flores,2914,8
Calle 106,5832,12
Profamilia,1394,13
Calle 76,4357,7
Calle 1,5625,5
Calle 19,6886,21
Cardio Infantil,4540,25
Calle 187,2754,38
Calle 142,707,28
Profamilia,7290,34
Calle 142,5907,35
Calle 63,7505,3
Virrey,1554,27
Calle 22,7119,24
Alcala,3360,23
Flores,3828,36
Calle 146,6347,12
Calle 22,2161,11
Calle 45,6186,38
Calle 72,481,30
Terminal,2501,34
Flores,6500,39
Calle 76,2153,13
Pepe Sierra,2355,38
Pepe Sierra,7023,37
Calle 22,4723,33
Calle 45,6929,30
Calle 187,6812,35
Calle 26,4870,6
Terminal,4385,8
Calle 26,2894,14
Calle 187,5874,25
Terminal,5781,6
Calle 142,5037,9
Calle 22,7942,20
Calle 142,4846,8
Calle 187,3580,30
Calle 22,3620,32
Héroes,3775,32
Alcala,6932,5
Marly,5340,36
Calle 63,1538,4
Calle 22,814,31
Calle 57,780,35
Calle 57,201,21
Cardio Infantil,7287,11
Flores,453,13
Calle 1,2256,28
Alcala,1991,7
Marly,6746,24
Calle 63,271,39
Marly,1819,37
Flores,7377,37
Avenida 39,1035,28
Calle 63,641,36
Profamilia,1689,5
Calle 142,4797,26
Mazuren,6907,9
Calle 22,5319,7
Calle 100,4378,28
Calle 26,6730,26
Calle 76,4380,30
Calle 146,5733,21
Mazuren,4628,6
Calle 142,5468,24
Toberín,5976,35
Pepe Sierra,3325,5
Calle 146,914,26
Calle 45,1609,28
Calle 72,934,37
Calle 106,723,21
Cardio Infantil,6860,16
Calle 22,4302,40
Calle 45,6652,4
Calle 72,3414,29
Virrey,3026,24
Calle 57,4723,5
Profamilia,6414,34
Toberín,6208,7
Calle 72,4423,24
Avenida 39,5578,2
Héroes,4050,32
Calle 106,5063,23
Avenida 39,2078,21
Cardio Infantil,3284,5
Alcala,1547,16
Calle 72,6099,24
Calle 57,1048,22
Calle 22,3086,5
Calle 1,6125,13
Avenida 39,1646,8
Calle 26,4638,33
Calle 22,2611,25
Calle 63,2365,3
Calle 45,2278,20
Calle 72,3691,3
Calle 72,5316,25
Prado Veraniego,3779,20
Calle 57,591,21
Calle 57,2753,28
Calle 63,5373,23
Calle 187,512,28
Virrey,7420,11
Alcala,6152,39
Marly,2643,14
Calle 19,4253,12
Calle 26,3110,31
Calle 1,364,18
Calle 85,5859,14
Calle 106,4600,27
Pepe Sierra,6281,37
Calle 26,1610,27
Mazuren,4862,29
Pepe Sierra,7711,22
Toberín,7934,23
Virrey,1448,24
Calle 57,5978,37
Calle 26,3072,21
Calle 22,3321,21
Calle 22,7968,26
Héroes,2886,29
Calle 187,7530,12
Marly,2993,7
Calle 45,4301,23
Calle 106,7217,12
Calle 57,6733,16
Calle 22,3328,3
Virrey,5424,37
Calle 76,757,13
Héroes,231,7
Calle 45,4561,27
Calle 187,7913,7
Calle 187,7685,3
Héroes,639,22
Calle 57,5225,5
Avenida 39,6106,38
Calle 146,7072,37
Calle 76,1180,13
Calle 100,374,20
Calle 19,2282,28
Avenida 39,5605,11
Avenida 39,5348,30
Calle 106,4727,40
Prado Veraniego,3623,40
Mazuren,7317,37
Profamilia,1354,34
Calle 106,919,11
Calle 106,4891,10
Calle 45,402,24
Marly,1473,38
Calle 100,1255,9
Héroes,2410,12
Profamilia,1334,2
Calle 85,3492,11
Avenida 39,5264,24
Calle 22,7594,32
Toberín,953,4
Calle 146,1648,9
Calle 76,5272,33
Calle 57,7983,29
Calle 63,932,5
Calle 142,2224,13
Marly,4074,7
Marly,7388,22
Calle 146,3219,29
Calle 187,3767,36
Mazuren,1333,22
Héroes,7584,26
Calle 57,1453,10
Calle 19,2889,35
Calle 76,930,8
Calle 76,5820,17
Cardio Infantil,3022,11
Virrey,5722,13
Cardio Infantil,1179,19
Calle 85,7691,29
Pepe Sierra,5743,33
Calle 142,2971,34
Cardio Infantil,3194,17
Calle 19,7507,21
Calle 187,5447,27
Calle 72,5861,30
Marly,2278,30
Marly,2482,12
Calle 63,3113,28
Calle 76,5537,32
Flores,1614,3
Calle 26,6989,22
Calle 1,3451,30
Calle 1,4864,18
Marly,1125,12
Alcala,3557,28
Profamilia,5791,32
Calle 57,5156,34
Calle 1,4841,15
Terminal,5467,22
Virrey,6897,21
Profamilia,4635,18
Calle 63,3674,24
Marly,2238,20
Calle 1,2658,22
Calle 63,3573,7
Alcala,2792,32
Toberín,2251,13
Calle 72,542,19
Calle 26,3588,26
Calle 76,3013,40
Terminal,330,33
Calle 142,7316,40
Terminal,3110,34
Flores,5406,24
Calle 63,6943,24
Calle 72,807,9
Toberín,5911,33
Avenida 39,7248,4
Alcala,6791,26
Calle 45,6102,28
Mazuren,7560,28
Calle 26,383,24
Calle 106,7358,34
Pepe Sierra,1474,29
Calle 76,3175,3
Cardio Infantil,2132,5
Pepe Sierra,3480,9
Calle 187,544,37
Calle 26,7270,14
Calle 57,2328,17
Marly,1133,33
Virrey,6069,8
Calle 76,7802,10
Terminal,5976,13
Héroes,6350,9
Calle 19,2524,40
Marly,3764,11
Calle 72,586,8
Avenida 39,2241,5
Calle 72,1490,32
Terminal,5347,27
Marly,5653,24
Calle 19,4305,36
Calle 85,3958,9
Calle 187,1175,23
Virrey,6135,3
Marly,5849,3
Terminal,1177,23
Terminal,4722,9
Cardio Infantil,6041,10
Calle 57,2558,6
Profamilia,1354,40
Calle 57,2425,19
Marly,2250,16
Alcala,7736,23
Calle 106,7857,4
Calle 63,7680,10
Alcala,1784,11
Prado Veraniego,3757,40
Avenida 39,5150,33
Avenida 39,6941,34
Calle 146,328,39
Terminal,798,5
Calle 100,1511,13
Toberín,7946,23
Avenida 39,2030,2
Marly,5902,40
Cardio Infantil,373,13
Alcala,5274,36
Flores,1025,10
Calle 187,2096,9
Virrey,2547,18
Alcala,5017,29
Pepe Sierra,7611,38
Calle 57,2907,23
Avenida 39,2051,17
Terminal,377,6
Calle 45,5430,35
Calle 146,666,32
Calle 1,6913,9
Toberín,3349,33
Calle 142,1156,29
Calle 19,2759,2
Calle 26,1382,16
Cardio Infantil,1446,7
Profamilia,3743,22
Avenida 39,3577,39
Toberín,5007,15
Flores,3800,9
Flores,3971,15
Calle 187,6481,22
Calle 63,4589,20
Marly,3721,11
Calle 72,3823,10
Profamilia,3703,34
Pepe Sierra,5840,8
Calle 57,4427,12
Cardio Infantil,2120,23
Calle 187,3494,6
Calle 76,5515,18
Marly,1730,34
Calle 100,1117,39
Virrey,5079,17
Calle 72,7746,32
Calle 19,768,5
Calle 63,4811,20
Cardio Infantil,4612,20
Cardio Infantil,6324,30
Cardio Infantil,1220,38
Marly,2129,28
Calle 106,6286,13
Calle 187,7525,4
Toberín,6133,19
Héroes,4106,22
Calle 57,7186,35
Alcala,5321,26
Mazuren,6510,31
Flores,2439,37
Calle 1,2491,31
Calle 76,1522,8
Calle 85,2131,9
Calle 1,2822,11
Virrey,2851,34
Calle 22,5140,25
Calle 187,3534,15
Calle 100,7772,39
Marly,5953,17
Calle 19,5336,7
Calle 1,759,10
Calle 19,4546,31
Calle 76,7893,11
Calle 72,2144,30
Pepe Sierra,2136,34
Calle 19,2092,21
Calle 100,1419,13
Calle 146,3596,33
Profamilia,4140,35
Calle 142,2718,16
Calle 57,2931,10
Mazuren,1164,21
Calle 100,7602,29
Profamilia,3164,17
Calle 100,2095,18
Calle 22,5432,25
Profamilia,4104,29
Pepe Sierra,6860,34
Mazuren,5886,26
Calle 45,858,14
Calle 187,2670,38
Terminal,6430,6
Héroes,629,32
Calle 57,997,5
Calle 26,4422,30
Avenida 39,4290,16
Calle 26,4695,17
Cardio Infantil,1419,18
Calle 146,7093,9
Cardio Infantil,7553,24
Alcala,2280,30
Profamilia,5269,27
Calle 85,468,31
Cardio Infantil,847,8
Calle 45,4404,40
Profamilia,6623,29
Alcala,7706,31
Toberín,6818,6
Calle 76,7535,2
Calle 26,7738,37
Calle 76,3580,19
Calle 76,3649,23
Flores,5867,17
Calle 187,5703,22
Prado Veraniego,458,39
Mazuren,7261,9
Calle 45,2851,29
Marly,5648,14
Calle 187,2741,22
Flores,6591,16
Calle 57,4366,7
Calle 85,718,35
Prado Veraniego,1019,8
Calle 22,4267,19
Calle 26,6900,22
Toberín,3097,11
Calle 1,2682,4
Avenida 39,6939,7
Mazuren,7161,3
Calle 1,6766,6
Flores,6027,22
Calle 146,583,4
Calle 1,822,28
Calle 100,454,7
Profamilia,664,16
Calle 26,1902,13
Marly,1485,27
Calle 106,5945,15
Marly,6546,23
Avenida 39,4559,14
Marly,4800,15
Calle 45,627,16
Avenida 39,5664,21
Cardio Infantil,4839,15
Calle 26,5679,38
Calle 45,2031,10
Calle 146,5395,3
Héroes,7789,37
Calle 1,1271,30
Avenida 39,5341,5
Calle 106,5631,27
Calle 26,5815,26
Calle 76,6973,40
Avenida 39,3176,32
Toberín,5046,31
Calle 76,3856,36
Prado Veraniego,1974,36
Terminal,6386,18
Calle 85,5690,31
Calle 85,2656,6
Alcala,212,19
Calle 142,1422,19
Calle 100,5632,22
Calle 85,3491,38
Calle 72,282,30
Calle 187,7235,8
Toberín,1064,17
Prado Veraniego,1540,18
Toberín,4203,4
Héroes,6603,26
Profamilia,2370,37
Terminal,915,20
Flores,498,2
Calle 142,4022,16
Calle 142,3443,14
Calle 142,6039,11
Calle 19,238,37
Calle 26,220,34
Calle 100,3534,18
Avenida 39,5511,24
Marly,1460,10
Calle 100,959,21
Calle 100,3104,18
Calle 45,7319,7
Virrey,6808,14
Marly,3690,5
Calle 45,3892,14
Héroes,897,29
Calle 76,5205,2
Mazuren,1626,15
Calle 106,3134,10
Cardio Infantil,6152,15
Calle 85,6876,19
Calle 63,4665,40
Terminal,1226,10
Toberín,4756,40
Virrey,7231,16
Virrey,2106,6
Calle 45,6701,40
Calle 106,2402,8
Avenida 39,6651,12
Flores,3122,18
Calle 146,282,16
Alcala,7659,2
Calle 19,2151,22
Calle 76,723,3
Calle 1,525,25
Terminal,7974,5
Calle 19,2293,26
Calle 187,2536,31
Héroes,3110,7
Calle 63,2946,5
Héroes,2204,29
Calle 45,4764,30
Calle 63,6112,37
Calle 85,854,32
Calle 72,2887,12
Toberín,1982,16
Héroes,537,4
Calle 146,1122,19
Calle 72,4262,28
Cardio Infantil,267,4
Marly,1431,13
Calle 26,2762,2
Calle 72,7888,39
Toberín,7980,23
Cardio Infantil,7745,22
Calle 106,5613,13
Calle 26,1375,22
Profamilia,1159,6
Terminal,5487,7
Avenida 39,5082,8
Calle 100,6265,20
Profamilia,2537,22
Calle 1,383,34
Calle 19,2268,4
Calle 142,1422,24
Calle 1,1564,11
Calle 22,6051,34
Cardio Infantil,6309,6
Calle 22,7594,37
Flores,5518,6
Calle 142,2968,11
Flores,2536,40
Calle 146,639,8
Alcala,6763,11
Calle 146,5820,36
Mazuren,2728,36
Virrey,4518,25
Alcala,446,28
Calle 106,6763,20
Marly,5531,37
Calle 146,6629,23
Prado Veraniego,4061,16
Calle 45,6384,30
Marly,1563,34
Prado Veraniego,5076,37
Calle 22,6139,5
Calle 106,6597,39
Calle 22,6192,27
Calle 1,635,25
Virrey,3243,29
Calle 187,3801,28
Calle 72,2448,4
Prado Veraniego,6580,32
Calle 187,3736,32
Terminal,6653,33
Avenida 39,4805,19
Héroes,5475,25
Calle 106,2767,31
Calle 100,6405,16
Alcala,7984,31
Calle 1,4400,3
Calle 100,6661,11
Calle 26,5452,36
Calle 19,2553,4
Calle 85,1360,32
Terminal,3820,19
Calle 85,7265,31
Prado Veraniego,843,28
Virrey,6229,38
Flores,5834,15
Calle 85,5485,32
Mazuren,5615,35
Calle 142,790,16
Pepe Sierra,1446,27
Calle 100,7694,27
Virrey,4880,19
Calle 85,1552,17
Calle 106,2090,20
Prado Veraniego,4215,32
Calle 57,1974,28
Calle 187,2675,31
Héroes,4528,17
Alcala,2439,20
Flores,788,31
Calle 76,7141,20
Marly,6705,8
Calle 106,1234,6
Profamilia,1572,24
Calle 146,6569,10
Avenida 39,7923,10
Calle 187,1901,12
Avenida 39,4107,35
Profamilia,914,9
Calle 45,6433,12
Calle 85,4326,7
Calle 187,927,37
Calle 142,7492,32
Profamilia,6525,17
Calle 1,7885,2
Cardio Infantil,3042,11
Virrey,3060,4
Prado Veraniego,5343,20
Calle 142,5854,9
Cardio Infantil,708,3
Calle 187,6312,29
Mazuren,7997,27
Calle 72,6195,17
Calle 26,1981,27
Héroes,1966,15
Mazuren,6677,39
Flores,2150,8
Calle 142,7203,26
Profamilia,440,10
Prado Veraniego,4253,13
Calle 1,7885,19
Mazuren,2667,30
Calle 146,3501,12
Toberín,2006,33
Pepe Sierra,4217,13
Héroes,6090,16
Héroes,7853,9
Calle 146,307,8
Calle 72,4924,5
Calle 26,4913,19
Toberín,2905,19
Calle 19,2877,16
Calle 63,7103,6
Calle 187,1417,33
Profamilia,1155,26
Calle 106,2831,37
Avenida 39,4181,39
Prado Veraniego,5353,13
Calle 146,719,26
Calle 106,7857,28
Pepe Sierra,3650,25
Calle 19,6169,12
Calle 45,812,6
Profamilia,2651,7
Toberín,2176,34
Calle 142,2020,38
Calle 187,4040,25
Pepe Sierra,4180,26
Calle 106,3049,25
Terminal,3010,28
Alcala,4770,23
Toberín,471,38
Profamilia,2881,39
Calle 72,5410,33
Calle 22,977,8
Calle 106,6319,26
Héroes,2934,16
Mazuren,768,23
Flores,2048,38
Calle 106,2640,27
Calle 142,4321,29
Virrey,5717,23
Calle 19,6188,24
Calle 187,2698,29
Calle 57,426,14
Toberín,6883,20
Calle 26,2066,15
Calle 100,2257,33
Calle 100,5354,3
Flores,7155,24
Calle 72,2476,31
Flores,662,39
Calle 63,7178,28
Alcala,3343,27
Calle 72,2510,26
Calle 85,1284,22
Mazuren,7904,5
Héroes,6042,4
Avenida 39,7794,4
Calle 187,6126,23
Calle 57,824,27
Prado Veraniego,4899,27
Pepe Sierra,3298,34
Marly,6488,15
Mazuren,4533,13
Calle 1,7414,18
Terminal,1787,35
Pepe Sierra,2347,26
Calle 26,5276,31
Prado Veraniego,5759,22
Avenida 39,1941,10
Calle 142,6303,12
Mazuren,3698,5
Calle 146,4125,36
Calle 19,1409,26
Calle 187,1909,25
Calle 1,7662,13
Calle 76,2548,34
Pepe Sierra,479,12
Calle 76,6343,6
Alcala,6308,26
Calle 100,6644,13
Calle 146,757,19
Calle 187,3363,15
Pepe Sierra,6601,9
Calle 106,868,25
Calle 76,706,2
Calle 146,7419,19
Calle 1,7672,19
Avenida 39,5160,38
Pepe Sierra,5816,16
Calle 187,2254,3
Calle 187,337,38
Calle 1,1883,36
Calle 45,5129,30
Calle 142,6496,27
Pepe Sierra,5635,18
Calle 85,6499,22
Calle 57,4232,35
Terminal,1881,3
Calle 22,6101,25
Profamilia,216,3
Calle 45,2920,38
Pepe Sierra,873,6
Calle 72,3913,35
Calle 63,3262,26
Calle 45,1068,33
Pepe Sierra,6013,21
Calle 100,1954,27
Calle 187,5622,15
Calle 100,4328,32
Calle 63,6358,26
Calle 63,7440,11
Prado Veraniego,5070,36
Calle 26,4560,30
Calle 45,4431,33
Calle 1,1330,24
Héroes,2317,38
Avenida 39,5837,20
Calle 26,6819,37
Alcala,5677,29
Calle 76,5954,30
Calle 72,2375,14
Calle 76,1828,16
Calle 26,7447,37
Calle 19,945,18
Pepe Sierra,3477,9
Mazuren,4622,36
Flores,6534,31
Calle 72,3975,5
Cardio Infantil,6695,34
Profamilia,3285,6
Héroes,6711,33
Calle 63,2002,15
Profamilia,426,5
Calle 187,662,23
Héroes,2727,38
Calle 26,2699,38
Prado Veraniego,3456,6
Calle 57,2145,5
Calle 146,7500,19
Calle 146,6228,5
Profamilia,6864,6
Calle 187,6836,25
Calle 106,3145,28
Prado Veraniego,6406,31
Calle 142,6594,12
Virrey,3093,29
Calle 26,5698,2
Avenida 39,4807,32
Calle 63,1723,31
Alcala,4712,14
Cardio Infantil,6806,31
Alcala,4445,23
Calle 106,2384,7
Calle 1,2901,36
Virrey,7162,8
Calle 146,2844,8
Calle 146,7938,7
Calle 100,5428,40
Calle 76,5640,10
Calle 63,4971,10
Calle 106,1551,37
Calle 100,6130,16
Virrey,2814,31
Calle 19,4037,12
Calle 85,927,35
Calle 45,6039,32
Profamilia,6257,24
Calle 106,3661,23
Calle 142,5892,18
Calle 19,1109,5
Calle 22,3422,5
Calle 85,1859,25
Calle 19,3426,14
Calle 76,3358,29
Héroes,7473,20
Calle 85,7462,15
Calle 63,2240,24
Calle 187,1764,7
Calle 72,1367,26
Calle 57,6304,24
Marly,6125,13
Calle 22,7519,28
Calle 76,217,25
Calle 45,3641,40
Héroes,1751,30
Terminal,805,3
Calle 85,6665,32
Calle 1,4812,20
Virrey,3028,16
Avenida 39,4571,6
Calle 1,7750,3
Calle 142,1739,37
Calle 85,5822,26
Flores,5012,33
Prado Veraniego,4446,15
Pepe Sierra,6061,18
Virrey,2076,30
Calle 85,5457,24
Calle 76,3790,27
Calle 76,3104,22
Prado Veraniego,7458,20
Marly,7338,32
Pepe Sierra,2237,25
Calle 45,7203,18
Calle 100,6559,20
Calle 57,3959,35
Calle 63,2589,24
Calle 72,5542,28
Calle 19,6230,8
Cardio Infantil,3240,20
Calle 22,342,30
Marly,7187,3
Calle 26,7126,28
Cardio Infantil,1594,38
Calle 142,1289,33
Héroes,3480,14
Calle 76,5706,2
Calle 146,1286,23
Virrey,2449,12
Calle 57,6863,2
Calle 142,1740,27
Avenida 39,7999,5
Marly,1775,2
Calle 26,7998,24
Calle 72,490,7
Calle 22,366,33
Héroes,6331,22
Cardio Infantil,3657,2
Calle 22,6500,27
Calle 85,302,31
Calle 57,6434,20
Calle 72,1363,38
Calle 45,3404,14
Calle 146,620,19
Cardio Infantil,4495,30
Terminal,6071,38
Calle 57,5577,12
Marly,5757,8
Calle 45,5965,30
Héroes,6623,24
Calle 19,4019,14
Calle 85,4766,16
Virrey,6104,10
Héroes,2302,3
Calle 1,981,33
Calle 100,4815,2
Cardio Infantil,3895,9
Virrey,4411,40
Calle 57,342,11
Profamilia,2565,31
Calle 19,779,8
Avenida 39,1648,3
Calle 187,6108,17
Cardio Infantil,5149,12
Prado Veraniego,2918,35
Calle 146,2012,18
Calle 76,2302,20
Calle 76,1689,34
Terminal,6368,12
Calle 1,2419,26
Calle 63,385,40
Calle 63,3924,12
Pepe Sierra,1441,28
Terminal,1314,26
Calle 100,3618,19
Toberín,6307,11
Flores,3246,5
Héroes,7759,17
Pepe Sierra,7964,31
Cardio Infantil,7733,37
Calle 63,7929,20
Calle 1,818,14
Héroes,3252,18
Calle 187,6766,9
Profamilia,5358,4
Calle 100,6331,18
Calle 1,7564,5
Marly,5140,32
Calle 100,3377,32
Alcala,1480,3
Calle 187,4555,27
Calle 76,974,38
Mazuren,3812,16
Calle 72,3243,29
Pepe Sierra,2967,4
Avenida 39,3165,36
Calle 187,1065,21
Alcala,6054,15
Virrey,1693,37
Calle 63,7780,37
Profamilia,5182,2
Alcala,5012,4
Terminal,7019,12
Alcala,7756,3
Mazuren,1526,21
Calle 19,2112,10
Prado Veraniego,6595,40
Calle 106,5403,26
Pepe Sierra,6818,17
Calle 100,1790,30
Mazuren,4826,13
Marly,3481,25
Calle 63,3568,11
Calle 146,2661,3
Calle 106,5223,40
Calle 57,5064,28
Toberín,5831,39
Calle 142,938,38
Mazuren,6543,39
Avenida 39,3212,17
Calle 26,4257,14
Calle 1,6129,18
Calle 1,5186,39
Calle 72,7414,39
Héroes,6325,12
Cardio Infantil,1336,10
Calle 146,5296,35
Calle 19,6239,11
Calle 76,1172,19
Marly,3802,5
Pepe Sierra,2181,27
Calle 76,6940,10
Calle 100,6704,4
Calle 72,3991,10
Calle 76,4192,26
Calle 142,1999,20
Calle 142,3339,4
Profamilia,324,40
Calle 85,6677,25
Calle 72,5537,40
Calle 85,6635,34
Calle 85,6404,26
Mazuren,5652,18
Prado Veraniego,2893,8
Toberín,859,12
Alcala,6784,13
Calle 57,6554,33
Prado Veraniego,954,20
Avenida 39,1696,26
Mazuren,7981,37
Héroes,5595,10
Calle 76,3253,30
Calle 146,6002,13
Calle 142,3786,3
Calle 76,4360,15
Mazuren,976,18
Héroes,4403,29
Calle 26,5497,29
Alcala,3021,29
Profamilia,3371,40
Mazuren,979,35
Prado Veraniego,3174,29
Cardio Infantil,5752,16
Profamilia,1099,38
Mazuren,2869,14
Calle 106,5805,36
Pepe Sierra,500,31
Calle 106,7611,13
Calle 106,4558,10
Calle 146,3980,5
Calle 100,2336,18
Calle 45,1291,27
Calle 187,7661,24
Calle 142,3984,24
Flores,7774,15
Mazuren,272,3
Alcala,7398,10
Toberín,3804,4
Calle 142,3406,7
Virrey,344,21
Héroes,1051,18
Calle 19,473,23
Calle 85,6838,21
Calle 57,7065,37
Calle 19,2488,32
Prado Veraniego,6758,19
Calle 142,6357,37
Calle 45,5016,5
Toberín,6830,16
Calle 106,1756,18
Pepe Sierra,7450,27
Héroes,3150,6
Prado Veraniego,4470,10
Marly,1751,32
Calle 146,1892,34
Calle 146,6951,31
Calle 142,2317,22
Calle 45,6377,10
Héroes,5243,23
Calle 146,5604,35
Calle 63,4087,17
Cardio Infantil,1277,7
Calle 45,2758,14
Calle 1,2433,17
Toberín,1682,9
Avenida 39,6043,28
Calle 26,2563,23
Profamilia,1710,17
Calle 142,3145,6
Calle 63,7970,11
Pepe Sierra,2250,37
Terminal,2467,9
Avenida 39,7363,21
Calle 57,7019,12
Calle 26,7597,15
Virrey,6387,7
Toberín,1751,5
Toberín,5279,9
Calle 57,492,20
Calle 146,2823,7
Marly,7125,22
Calle 187,2126,6
Calle 63,5362,2
Alcala,707,6
Prado Veraniego,7844,6
Calle 22,6820,20
Calle 72,6522,26
Calle 22,6182,13
Profamilia,919,13
Profamilia,5956,17
Calle 142,3620,34
Calle 63,3685,34
Calle 72,5393,14
Calle 22,2541,37
Calle 106,4336,38
Cardio Infantil,4253,14
Calle 76,4950,19
Prado Veraniego,4750,11
Avenida 39,367,27
Avenida 39,6943,36
Prado Veraniego,5331,38
Calle 72,3107,9
Alcala,6047,5
Calle 146,5302,13
Calle 72,4436,18
Flores,7751,28
Calle 106,7004,13
Cardio Infantil,2793,33
Calle 45,5545,35
Calle 22,2154,14
Mazuren,1735,15
Calle 142,2795,18
Calle 19,4436,25
Virrey,7059,30
Calle 1,6706,13
Calle 76,6660,2
Calle 19,7366,13
Alcala,2756,18
Cardio Infantil,1425,23
Profamilia,7919,7
Calle 187,1409,15
Calle 45,2262,39
Calle 146,5426,21
Mazuren,7308,16
Héroes,1571,34
Mazuren,4712,13
Toberín,5791,5
Calle 76,1222,26
Mazuren,1906,37
Mazuren,7487,21
Marly,3219,18
Calle 72,641,26
Calle 187,1152,38
Alcala,483,32
Calle 19,6539,36
Avenida 39,392,36
Virrey,1735,38
Flores,6510,34
Calle 1,980,13
Calle 146,3370,4
Calle 19,1262,23
Mazuren,5160,31
Calle 142,4212,21
Toberín,6693,16
Calle 63,5227,38
Alcala,3588,40
Calle 19,1064,27
Calle 45,4923,29
Calle 22,1850,8
Calle 100,6381,12
Pepe Sierra,410,29
Terminal,6880,4
Alcala,5699,5
Calle 85,4245,3
Terminal,6492,5
Calle 22,3563,7
Calle 22,1754,3
Calle 26,2794,32
Profamilia,5873,25
Prado Veraniego,7957,39
Calle 26,6568,6
Calle 19,863,17
Calle 57,3836,27
Héroes,5289,38
Calle 45,5934,27
Calle 100,2804,15
Calle 45,7788,17
Héroes,4254,32
Prado Veraniego,3982,13
Calle 142,1717,36
Cardio Infantil,6037,24
Héroes,3463,29
Virrey,4670,37
Pepe Sierra,852,9
Toberín,2744,27
Calle 142,6498,6
Marly,3960,27
Profamilia,1440,2
Calle 45,6486,3
Toberín,5971,4
Calle 142,7722,13
Calle 100,4501,30
Calle 76,4346,7
Calle 45,6570,25
Mazuren,876,7
Flores,1894,30
Héroes,6932,11
Calle 22,766,20
Calle 85,5731,33
Prado Veraniego,3361,22
Calle 19,5348,36
Calle 1,6179,28
Calle 22,3773,3
Calle 85,2034,9
Calle 1,5431,39
Calle 22,5174,28
Avenida 39,1569,39
Toberín,1408,2
Calle 19,4366,16
Calle 146,4525,30
Calle 57,4888,39
Calle 63,6030,36
Calle 76,7040,29
Calle 1,3325,6
Calle 57,2346,34
Héroes,5912,23
Calle 22,2410,33
Héroes,3563,40
Calle 63,6587,7
Calle 63,5433,26
Calle 1,3073,11
Calle 63,3623,10
Calle 106,1033,9
Calle 45,4321,19
Terminal,5512,39
Calle 76,4125,2
Calle 100,2110,14
Prado Veraniego,719,32
Calle 106,601,14
Calle 106,4700,27
Calle 72,349,21
Calle 63,3686,7
Calle 85,1212,14
Alcala,6534,5
Calle 106,638,35
Pepe Sierra,4057,32
Calle 22,326,20
Calle 26,1478,13
Prado Veraniego,2067,29
Calle 63,2078,8
Flores,4264,39
Calle 187,440,23
Calle 1,2236,27
Calle 26,4544,33
Toberín,6387,40
Marly,1380,20
Toberín,3065,13
Héroes,3383,24
Calle 187,3389,11
Calle 146,784,15
Calle 1,7983,22
Avenida 39,3411,22
Calle 26,589,12
Flores,1403,16
Calle 72,7456,29
Calle 57,5566,6
Toberín,405,18
Avenida 39,1303,12
Marly,7406,34
Calle 142,1283,33
Alcala,4324,21
Prado Veraniego,3707,27
Mazuren,2305,11
Calle 22,3730,29
Cardio Infantil,2579,31
Calle 146,7418,11
Calle 26,2930,18
Calle 72,7514,40
Calle 19,511,9
Prado Veraniego,2147,13
Calle 57,3957,39
Flores,5817,6
Calle 106,2020,6
Toberín,6900,18
Calle 146,3925,3
Héroes,5959,23
Flores,2392,35
Calle 22,6163,32
Calle 85,6696,15
Calle 146,4386,16
Terminal,2431,10
Profamilia,3328,30
Terminal,7760,34
Calle 1,5290,28
Calle 22,6041,21
Terminal,6434,34
Calle 146,5705,13
Calle 1,6615,7
Pepe Sierra,2261,26
Calle 146,624,35
Calle 57,5607,32
Calle 85,7711,33
Profamilia,4441,26
Calle 142,930,7
Calle 57,5349,7
Cardio Infantil,2229,4
Calle 57,2210,3
Profamilia,5827,6
Calle 100,1896,2
Profamilia,2610,26
Calle 26,1506,22
Avenida 39,7385,14
Héroes,6306,39
Terminal,7319,33
Calle 1,5928,16
Alcala,6541,38
Héroes,2317,13
Toberín,5342,37
Héroes,5601,31
Calle 45,4832,25
Calle 63,1088,28
Profamilia,4754,33
Calle 72,403,14
Calle 142,5617,2
Cardio Infantil,1874,8
Profamilia,894,15
Virrey,6216,33
Alcala,6347,26
Prado Veraniego,7716,20
Héroes,4956,36
Toberín,7578,33
Calle 85,6216,40
Mazuren,1483,25
Calle 85,7327,31
Terminal,3669,6
Héroes,438,15
Héroes,2344,26
Calle 57,301,38
Calle 26,316,39
Terminal,6526,5
Calle 142,7753,4
Calle 106,5210,35
Marly,7127,40
Calle 45,7409,36
Cardio Infantil,4005,30
Calle 57,6070,13
Calle 57,1594,27
Calle 45,2742,3
Calle 19,7743,15
Avenida 39,6660,17
Calle 142,602,3
Prado Veraniego,720,16
Calle 63,2919,35
Calle 19,5557,5
Mazuren,2102,17
Flores,2428,13
Calle 76,2318,36
Cardio Infantil,5317,6
Calle 142,5075,7
Calle 187,2437,29
Calle 45,1449,4
Héroes,5023,21
Cardio Infantil,3309,37
Calle 100,6466,4
Calle 187,566,10
Alcala,5078,11
Calle 22,2809,8
Flores,5242,28
Calle 57,7829,33
Calle 187,1451,35
Calle 45,6984,18
Avenida 39,2327,22
Avenida 39,3300,39
Cardio Infantil,6427,22
Calle 187,1207,16
Profamilia,7770,18
Calle 19,1870,22
Héroes,4371,16
Héroes,5160,5
Calle 26,3225,16
Virrey,584,40
Mazuren,3751,8
Toberín,3687,25
Mazuren,6355,7
Profamilia,6808,28
Calle 57,6979,20
Calle 45,3033,6
Flores,2679,3
Calle 57,2592,6
Alcala,7607,40
Calle 45,3229,19
Calle 45,1576,26
Calle 22,2238,34
Calle 72,7500,32
Avenida 39,4053,28
Calle 85,4033,31
Calle 45,5947,36
Calle 57,619,30
Calle 22,7966,28
Calle 1,3091,4
Marly,3926,38
Toberín,3550,2
Virrey,7883,26
Flores,6434,27
Flores,2555,10
Toberín,4716,32
Calle 22,1240,20
Marly,6480,3
Calle 26,3320,30
Calle 146,4104,14
Terminal,463,18
Calle 146,7918,20
Héroes,1502,27
Prado Veraniego,4759,15
Calle 1,5095,37
Virrey,2440,33
Calle 72,6665,18
Héroes,7261,18
Calle 57,883,3
Toberín,6050,39
Mazuren,4593,20
Calle 57,5014,13
Calle 76,4849,18
Terminal,3357,25
Marly,4830,7
Profamilia,667,36
Calle 100,7003,10
Toberín,7019,20
Calle 146,2769,14
Calle 26,6066,35
Calle 85,529,25
Calle 146,7824,23
Virrey,390,32
Pepe Sierra,1338,38
Mazuren,203,21
Calle 85,4292,3
Calle 106,4194,35
Calle 63,5871,14
Terminal,1265,40
Calle 76,3919,10
Pepe Sierra,5204,7
Calle 26,3751,7
Calle 142,4442,14
Héroes,1478,9
Alcala,6776,7
Avenida 39,5652,26
Avenida 39,3284,34
Calle 146,2319,4
Calle 63,2977,9
Calle 100,6489,18
Calle 76,2549,12
Toberín,1935,19
Toberín,493,30
Flores,7309,28
Avenida 39,6518,24
Toberín,6037,21
Pepe Sierra,2205,2
Marly,4676,5
Calle 100,3632,29
Calle 76,5914,40
Profamilia,2247,12
Pepe Sierra,4207,13
Pepe Sierra,5642,23
Calle 26,2134,25
Calle 26,1451,24
Calle 72,3163,20
Calle 57,5154,34
Pepe Sierra,2560,25
Calle 142,7038,20
Calle 63,4389,13
Calle 100,6148,22
Calle 187,1921,20
Héroes,2077,24
Calle 19,3372,29
Virrey,7214,6
Calle 146,7487,22
Virrey,892,24
Pepe Sierra,951,40
Calle 26,3192,7
Calle 19,1369,26
Marly,4689,6
Calle 146,2349,9
Calle 22,3072,13
Avenida 39,2636,37
Virrey,2390,10
Cardio Infantil,2996,40
Calle 45,3872,23
Calle 85,6578,8
Calle 22,7158,38
Calle 146,4833,9
Calle 85,4018,34
Cardio Infantil,1133,32
Calle 45,1073,3
Calle 100,5384,18
Calle 142,4412,4
Pepe Sierra,1508,18
Profamilia,3309,26
Virrey,208,22
Calle 57,1070,15
Avenida 39,884,20
Calle 106,6790,32
Calle 45,6569,38
Avenida 39,3584,23
Calle 100,2793,11
Virrey,1731,33
Calle 146,7538,10
Calle 142,4301,24
Calle 187,3111,15
Mazuren,1023,11
Prado Veraniego,6165,27
Calle 26,877,33
Alcala,2506,27
Profamilia,7306,9
Héroes,2927,19
Calle 85,4206,8
Calle 45,1025,38
Calle 146,3909,34
Calle 45,1780,5
Alcala,4274,40
Calle 72,6635,27
Calle 142,3991,39
Virrey,4462,7
Avenida 39,837,30
Calle 45,245,6
Calle 85,2558,13
Héroes,4011,6
Terminal,271,40
Calle 85,7147,20
Calle 187,790,17
Flores,7968,6
Alcala,1582,27
Calle 85,7942,34
Calle 187,6868,8
Alcala,353,3
Calle 45,1481,9
Calle 63,3530,13
Calle 187,210,23
Calle 106,6994,19
Terminal,3868,20
Flores,7526,31
Calle 100,6031,21
Calle 57,1050,32
Cardio Infantil,7479,30
Calle 146,6005,6
Toberín,4042,12
Flores,2599,37
Calle 45,7076,26
Calle 26,2790,35
Terminal,4149,6
Cardio Infantil,597,8
Marly,893,7
Calle 1,2431,6
Calle 63,7775,10
Calle 100,5555,35
Alcala,2195,7
Profamilia,1840,13
Prado Veraniego,5194,6
Calle 1,4842,15
Calle 76,4639,35
Calle 187,1653,7
Calle 142,4186,38
Calle 72,4415,12
Calle 19,2534,39
Alcala,7895,36
Calle 187,3849,29
Profamilia,1044,10
Marly,5879,6
Calle 45,1139,9
Terminal,4810,12
Calle 146,5785,24
Héroes,6422,26
Toberín,1433,21
Calle 26,3175,25
Toberín,4727,13
Flores,518,15
Calle 26,5370,15
Calle 45,1920,8
Calle 57,947,30
Calle 63,6636,21
Calle 142,986,5
Calle 85,6794,17
Marly,928,2
Calle 142,3821,33
Calle 45,355,27
Calle 19,6925,8
Calle 85,2198,31
Calle 187,1792,32
Calle 1,7051,23
Toberín,7765,18
Calle 76,1460,21
Calle 57,201,22
Marly,4144,7
Calle 45,4086,15
Calle 106,976,18
Calle 26,5471,23
Avenida 39,1943,38
Mazuren,2034,29
Flores,4142,38
Profamilia,6592,5
Calle 187,2597,9
Calle 142,6562,22
Calle 57,2011,31
Alcala,2668,17
Calle 106,3093,21
Calle 106,4589,25
Calle 146,1873,2
Calle 63,1826,25
Héroes,3155,9
Héroes,1258,22
Calle 22,2998,24
Toberín,7219,29
Calle 142,5529,20
Calle 63,3885,40
Terminal,4508,26
Marly,233,38
Alcala,4897,29
Calle 1,2906,4
Marly,1338,7
Calle 85,7857,12
Avenida 39,4301,32
Calle 26,4706,3
Avenida 39,5285,10
Calle 100,5535,29
Terminal,6223,17
Cardio Infantil,3939,6
Calle 22,4473,21
Calle 45,4254,20
Pepe Sierra,6791,24
Terminal,3601,31
Calle 63,6868,9
Calle 1,1319,14
Calle 45,7400,14
Pepe Sierra,1222,15
Marly,7233,20
Calle 22,3416,26
Virrey,1309,27
Marly,706,8
Héroes,5827,36
Calle 45,390,26
Calle 142,2659,17
Marly,2316,27
Calle 72,6917,16
Pepe Sierra,5442,3
Calle 26,1875,11
Mazuren,7456,39
Calle 106,4057,22
Prado Veraniego,674,15
Mazuren,3189,10
Calle 19,6407,19
Calle 45,6428,28
Calle 72,1070,14
Prado Veraniego,2385,27
Calle 45,2700,23
Alcala,1273,22
Calle 1,3129,2
Calle 100,1085,4
Virrey,2708,3
Calle 106,1013,26
Mazuren,7613,27
Avenida 39,3372,40
Calle 76,3856,4
Flores,5476,35
Calle 19,2415,30
Pepe Sierra,6916,38
Cardio Infantil,3438,35
Calle 19,1946,13
Calle 106,6560,26
Calle 85,4330,36
Calle 63,588,28
Calle 100,2659,14
Calle 57,7166,4
Calle 85,4256,10
Calle 106,4553,31
Cardio Infantil,3747,32
Calle 26,3827,2
Toberín,4001,8
Calle 76,7005,4
Calle 45,7088,8
Toberín,7032,40
Calle 100,7834,10
Calle 106,6184,13
Calle 146,6372,36
Calle 1,2258,4
Calle 187,2661,32
Calle 106,569,40
Virrey,3991,36
Calle 26,911,40
Pepe Sierra,6425,38
Calle 1,3327,35
Flores,3220,33
Mazuren,6745,2
Cardio Infantil,6629,20
Calle 57,3743,13
Mazuren,4138,34
Prado Veraniego,2847,16
Calle 85,3174,19
Calle 85,5932,30
Alcala,4710,5
Calle 146,1131,40
Calle 1,5028,10
Calle 187,5371,18
Cardio Infantil,730,19
Calle 142,2245,15
Calle 106,1992,9
Calle 146,4163,25
Calle 19,1989,35
Alcala,486,5
Calle 26,6575,20
Calle 26,5479,34
Calle 22,6931,23
Héroes,7488,22
Cardio Infantil,4643,18
Calle 63,588,35
Calle 142,795,7
Calle 22,3448,38
Pepe Sierra,1745,35
Calle 85,1151,24
Virrey,5956,9
Calle 85,4089,40
Calle 57,7552,37
Calle 187,7103,15
Alcala,6126,40
Calle 63,2392,14
Mazuren,3863,32
Calle 142,5178,3
Flores,1736,34
Calle 76,3721,3
Calle 146,4422,28
Avenida 39,5983,5
Calle 63,3595,10
Toberín,1744,19
Avenida 39,6277,33
Calle 142,685,10
Profamilia,5373,29
Profamilia,5219,10
Calle 72,2773,19
Calle 19,2582,28
Calle 142,3958,10
Cardio Infantil,4030,19
Calle 26,1680,7
Calle 72,4581,16
Calle 142,657,26
Virrey,5821,37
Calle 22,1855,5
Terminal,4566,20
Calle 85,5457,29
Calle 26,1703,11
Calle 72,3430,21
Calle 63,4489,7
Virrey,6301,28
Calle 26,2456,13
Calle 72,5541,4
Pepe Sierra,3850,18
Calle 22,6719,23
Calle 45,6160,6
Prado Veraniego,6758,37
Virrey,3408,30
Prado Veraniego,7619,12
Calle 72,3309,13
Alcala,3156,30
Terminal,5333,23
Calle 72,3213,37
Calle 19,4481,11
Pepe Sierra,3206,31
Pepe Sierra,7760,2
Calle 22,5823,25
Mazuren,2435,10
Calle 106,7856,34
Calle 85,5885,6
Flores,2249,22
Calle 63,1366,13
Calle 1,2295,36
Calle 22,7371,9
Calle 1,3723,6
Virrey,3322,39
Virrey,3716,9
Calle 57,5520,19
Pepe Sierra,4662,15
Profamilia,3167,2
Flores,5420,8
Calle 106,7989,36
Toberín,6334,36
Prado Veraniego,6065,33
Calle 63,2664,8
Calle 146,2572,6
Calle 63,1414,34
Calle 19,6484,19
Calle 57,6482,14
Calle 63,5333,38
Profamilia,4298,9
Calle 100,586,25
Calle 146,4794,10
Avenida 39,2657,27
Calle 19,4484,39
Calle 106,953,17
Toberín,1084,15
Calle 63,6786,13
Calle 1,2810,3
Virrey,6711,28
Calle 45,4051,22
Calle 146,5191,38
Profamilia,3339,21
Calle 146,2705,23
Calle 26,6320,7
Marly,4013,22
Alcala,755,40
Prado Veraniego,4519,16
Terminal,1090,16
Calle 106,6826,7
Avenida 39,5922,19
Pepe Sierra,6963,25
Terminal,7372,16
Mazuren,2569,28
Virrey,5171,21
Calle 100,3588,20
Calle 72,4344,27
Terminal,6171,21
Calle 63,6726,9
Calle 100,616,21
Calle 26,3874,31
Virrey,1665,38
Calle 187,982,20
Calle 63,6043,40
Calle 100,7104,12
Virrey,3665,2
Calle 63,372,3
Mazuren,499,40
Pepe Sierra,6896,27
Calle 19,2528,2
Calle 1,4437,10
Profamilia,3482,19
Calle 187,959,6
Virrey,7825,37
Toberín,6784,40
Mazuren,3215,12
Calle 22,1964,19
Calle 85,4592,28
Calle 187,4511,25
Calle 19,1307,40
Profamilia,6914,13
Calle 26,4972,39
Cardio Infantil,5772,39
Calle 76,905,10
Calle 106,1733,3
Profamilia,2032,27
Calle 26,7365,32
Profamilia,923,10
Calle 106,2611,38
Profamilia,1917,7
Calle 19,4096,3
Virrey,7710,12
Calle 106,7157,37
Marly,5076,31
Pepe Sierra,2209,13
Terminal,7808,19
Calle 45,5859,21
Calle 57,1520,40
Calle 76,890,13
Flores,268,29
Héroes,5177,12
Calle 106,4781,25
Cardio Infantil,828,16
Calle 106,2549,19
Virrey,2359,26
Calle 146,6221,30
Pepe Sierra,3544,11
Prado Veraniego,3783,4
Calle 142,1520,4
Mazuren,7649,8
Calle 72,3367,12
Calle 85,6922,16
Calle 57,5152,28
Marly,1948,16
Calle 1,7057,7
Avenida 39,4092,26
Calle 45,1699,27
Calle 22,554,37
Avenida 39,521,19
Terminal,1575,36
Avenida 39,4219,34
Calle 26,397,40
Calle 100,2407,9
Calle 72,2333,9
Calle 72,5478,36
Toberín,4922,32
Mazuren,3107,4
Calle 187,3872,25
Cardio Infantil,5070,27
Calle 45,2429,9
Avenida 39,4648,37
Prado Veraniego,5005,12
Alcala,1876,22
Calle 85,7586,39
Pepe Sierra,7082,9
Pepe Sierra,7877,29
Mazuren,6256,19
Calle 1,516,30
Cardio Infantil,577,9
Profamilia,7199,28
Flores,5945,7
Calle 106,4252,7
Calle 72,5328,31
Calle 1,4603,7
Calle 63,7262,25
Calle 19,7279,13
Calle 72,6303,13
Calle 19,7243,3
Mazuren,7031,35
Prado Veraniego,6924,30
Calle 26,225,4
Prado Veraniego,5869,14
Profamilia,690,5
Calle 1,4201,24
Mazuren,6680,39
Calle 22,4922,15
Avenida 39,2560,16
Alcala,5827,40
Calle 106,1224,17
Calle 187,5381,16
Calle 142,2636,13
Calle 187,2335,36
Héroes,1380,12
Flores,6551,5
Calle 142,3516,21
Flores,3638,40
Mazuren,1100,27
Profamilia,6331,31
Virrey,4962,12
Calle 26,2429,13
Calle 142,4638,30
Calle 187,228,34
Avenida 39,4620,12
Calle 76,4205,36
Pepe Sierra,755,40
Prado Veraniego,2241,33
Avenida 39,6655,35
Calle 106,1641,17
Terminal,3135,7
Calle 45,3747,5
Profamilia,6078,14
Marly,7034,36
Pepe Sierra,7816,38
Prado Veraniego,5780,13
Calle 19,4050,7
Toberín,5013,35
Marly,5737,9
Calle 45,669,13
Profamilia,3622,21
Cardio Infantil,280,34
Calle 142,1171,24
Calle 100,1435,28
Cardio Infantil,3550,5
Calle 142,969,7
Calle 100,2685,18
Calle 57,2573,32
Calle 57,5622,25
Calle 146,1744,29
Profamilia,1307,33
Calle 45,3856,39
Calle 142,5139,38
Héroes,3912,30
Prado Veraniego,5515,30
Calle 26,1014,18
Calle 146,2419,27
Pepe Sierra,5673,8
Avenida 39,4401,10
Toberín,5590,13
Calle 146,2869,23
Calle 22,7111,31
Mazuren,6743,29
Calle 142,4614,17
Avenida 39,4228,20
Calle 85,6294,27
Cardio Infantil,5764,20
Calle 57,2151,2
Calle 85,343,30
Héroes,1660,30
Terminal,4119,5
Calle 146,7057,34
Calle 187,3656,30
Cardio Infantil,836,33
Marly,835,17
Calle 22,5006,15
Calle 57,4738,5
Calle 19,4550,14
Virrey,5593,14
Prado Veraniego,6412,36
Flores,2888,14
Calle 63,1883,5
Calle 100,858,31
Héroes,1891,30
Calle 19,667,4
Calle 76,5433,27
Profamilia,2298,38
Calle 142,936,32
Mazuren,6126,7
Terminal,2229,31
Prado Veraniego,4320,10
Toberín,3871,4
Marly,7148,16
Toberín,6113,16
Marly,5571,15
Calle 146,4704,12
Profamilia,2411,13
Mazuren,4961,40
Cardio Infantil,2456,2
Héroes,3879,38
Calle 72,471,26
Calle 22,6615,18
Calle 1,2232,5
Calle 72,2257,27
Prado Veraniego,2428,40
Alcala,4859,5
Calle 22,5896,8
Calle 1,2852,27
Calle 85,6937,4
Profamilia,727,10
Calle 72,3137,18
Calle 26,1143,18
Héroes,5999,14
Avenida 39,3161,39
Calle 45,791,20
Calle 57,3296,8
Calle 22,1347,38
Calle 85,3619,29
Cardio Infantil,3258,34
Alcala,383,17
Profamilia,287,6
Calle 106,3756,14
Alcala,1863,38
Calle 76,7571,7
Calle 72,5206,3
Calle 1,5643,17
Calle 142,5694,2
Flores,7551,14
Calle 85,3428,18
Calle 26,6481,29
Calle 146,6850,34
Toberín,4851,21
Calle 57,3804,8
Toberín,2001,33
Calle 76,2530,16
Calle 106,6705,24
Calle 26,6384,32
Calle 142,2481,37
Alcala,7893,6
Virrey,5836,13
Virrey,1833,31
Héroes,1669,28
Pepe Sierra,944,12
Calle 45,7235,36
Pepe Sierra,412,24